2026-08-22 09:32:35 | INFO     | app.main | Dayflow HRMS started  version=0.1.0
2026-08-22 09:36:41 | INFO     | app.main | Dayflow HRMS started  version=0.1.0
2026-08-22 09:37:16 | INFO     | app.services.auth_service | User authenticated  user_id=1  login_id=ADMIN-001  role=UserRole.ADMIN
2026-08-22 09:37:16 | INFO     | app.middleware.request_id | POST /api/auth/login → 200  (229.7ms)  request_id=bac7f177-742a-4650-8e08-e9de49fb9158
2026-08-22 09:37:16 | INFO     | app.services.employee_service | Employee created  employee_id=EMP-0001  user_id=2  email=jane.doe@dayflow.com
2026-08-22 09:37:16 | INFO     | app.middleware.request_id | POST /api/employees → 201  (194.4ms)  request_id=7c3171c9-72a4-4c1b-8d5e-f56f232988e5
2026-08-22 09:37:17 | INFO     | app.services.auth_service | User authenticated  user_id=2  login_id=EMP-0001  role=UserRole.EMPLOYEE
2026-08-22 09:37:17 | INFO     | app.middleware.request_id | POST /api/auth/login → 200  (182.7ms)  request_id=8a464f04-c282-4b62-a1d2-98257470aaa7
2026-08-22 09:37:17 | INFO     | app.middleware.request_id | GET /api/auth/me → 200  (1.8ms)  request_id=1a887472-7149-467a-8fcb-7b3f6e44284b
2026-08-22 09:37:17 | INFO     | app.services.auth_service | Password changed  user_id=2
2026-08-22 09:37:17 | INFO     | app.middleware.request_id | POST /api/auth/change-password → 204  (359.6ms)  request_id=3c543460-cab7-4e7d-b935-283c459187ed
2026-08-22 09:37:17 | INFO     | app.middleware.request_id | GET /api/employees/me → 200  (2.3ms)  request_id=b5a45a83-b352-4878-88d5-dfd2dceb23ee
2026-08-22 09:37:42 | INFO     | app.services.auth_service | User authenticated  user_id=1  login_id=ADMIN-001  role=UserRole.ADMIN
2026-08-22 09:37:42 | INFO     | app.middleware.request_id | POST /api/auth/login → 200  (181.9ms)  request_id=201ee213-96d4-4da4-a135-0164e3148b11
2026-08-22 09:37:43 | INFO     | app.services.auth_service | User authenticated  user_id=2  login_id=EMP-0001  role=UserRole.EMPLOYEE
2026-08-22 09:37:43 | INFO     | app.middleware.request_id | POST /api/auth/login → 200  (185.8ms)  request_id=d412d33a-c314-4b94-ba1e-18f11c20e2c2
2026-08-22 09:37:43 | INFO     | app.services.attendance_service | Check-in recorded  employee_id=1  time=2026-08-22T04:07:43.163028+00:00
2026-08-22 09:37:43 | INFO     | app.middleware.request_id | POST /api/attendance/check-in → 201  (10.0ms)  request_id=0f31e047-15f3-4a91-a91a-1028527a3567
2026-08-22 09:37:43 | INFO     | app.middleware.request_id | POST /api/attendance/check-in → 409  (2.5ms)  request_id=f9e74ee4-8a05-4170-92b3-0ff125543e50
2026-08-22 09:37:43 | INFO     | app.services.attendance_service | Check-out recorded  employee_id=1  work_hours=0.00
2026-08-22 09:37:43 | INFO     | app.middleware.request_id | POST /api/attendance/check-out → 200  (6.6ms)  request_id=6c1e47e0-e175-4481-9226-7d136dedf1bf
2026-08-22 09:37:43 | INFO     | app.services.leave_service | Leave request created  employee_id=1  leave_id=1  type=LeaveType.PAID  dates=2026-09-01→2026-09-03
2026-08-22 09:37:43 | INFO     | app.middleware.request_id | POST /api/leave → 201  (12.5ms)  request_id=d1c8eb78-9087-4e73-aa74-1603801e0511
2026-08-22 09:37:43 | INFO     | app.middleware.request_id | GET /api/leave → 200  (5.4ms)  request_id=830d78db-aa08-424d-bf43-d8da05f8f620
2026-08-22 09:37:43 | INFO     | app.services.leave_service | Leave request decided  leave_id=1  status=LeaveStatus.APPROVED  admin_id=1
2026-08-22 09:37:43 | INFO     | app.middleware.request_id | PATCH /api/leave/1/decide → 200  (5.4ms)  request_id=45b4b989-9967-4cf2-a4d9-1e8a01f2a085
2026-08-22 09:37:43 | INFO     | app.middleware.request_id | GET /api/leave/1 → 200  (2.3ms)  request_id=b07e1eb3-645d-45d1-b504-6e2e6a8acc6b
2026-08-22 09:37:43 | INFO     | app.services.payroll_service | Salary structure created  employee_id=1
2026-08-22 09:37:43 | INFO     | app.middleware.request_id | POST /api/payroll/1 → 201  (9.5ms)  request_id=29269ffb-32dc-4413-90fd-8dc165a21f1f
2026-08-22 09:37:43 | INFO     | app.middleware.request_id | GET /api/payroll/me → 200  (2.1ms)  request_id=f4f0ee48-f3e0-4408-874d-6c8eba50f15a
2026-08-22 09:38:04 | INFO     | app.services.auth_service | User authenticated  user_id=1  login_id=ADMIN-001  role=UserRole.ADMIN
2026-08-22 09:38:04 | INFO     | app.middleware.request_id | POST /api/auth/login → 200  (177.1ms)  request_id=ca79c2a1-1946-427f-80c2-867b8fa624cb
2026-08-22 09:38:04 | INFO     | app.services.auth_service | User authenticated  user_id=2  login_id=EMP-0001  role=UserRole.EMPLOYEE
2026-08-22 09:38:04 | INFO     | app.middleware.request_id | POST /api/auth/login → 200  (173.6ms)  request_id=68a7828c-fece-4357-9e49-f7ecae69364d
2026-08-22 09:38:04 | INFO     | app.middleware.request_id | POST /api/employees → 403  (1.5ms)  request_id=17c08396-755e-4076-a192-b1cbcbbddb0a
2026-08-22 09:38:04 | INFO     | app.middleware.request_id | PATCH /api/leave/1/decide → 403  (2.2ms)  request_id=aa762297-991d-477c-bfdf-97db81730548
2026-08-22 09:38:04 | INFO     | app.middleware.request_id | PATCH /api/leave/1/decide → 409  (2.1ms)  request_id=4b70c18f-22b3-4a69-b3f8-f6efd869a6b3
2026-08-22 09:38:04 | WARNING  | app.services.auth_service | Failed login attempt for identifier=EMP-0001
2026-08-22 09:38:04 | INFO     | app.middleware.request_id | POST /api/auth/login → 401  (173.3ms)  request_id=26738979-c896-4696-b798-007d128aef91
2026-08-22 09:38:04 | INFO     | app.middleware.request_id | POST /api/payroll/1 → 403  (1.5ms)  request_id=ad1a42d1-8935-41cb-944e-89daf67704ad
2026-08-22 09:38:04 | INFO     | app.middleware.request_id | POST /api/employees → 409  (2.5ms)  request_id=729ee610-cc73-481e-a2d4-1901d71134b8
2026-08-22 09:38:04 | INFO     | app.middleware.request_id | GET /health → 200  (0.3ms)  request_id=5e8fd834-ec24-4420-b5be-7abb967bd919
2026-08-22 09:38:12 | INFO     | app.main | Dayflow HRMS started  version=0.1.0
2026-08-22 09:38:36 | INFO     | app.main | Dayflow HRMS started  version=0.1.0
2026-08-22 09:38:50 | INFO     | app.main | Dayflow HRMS started  version=0.1.0
2026-08-22 09:39:10 | INFO     | app.main | Dayflow HRMS started  version=0.1.0
2026-08-22 09:39:25 | INFO     | app.main | Dayflow HRMS started  version=0.1.0
2026-08-22 09:39:46 | INFO     | app.main | Dayflow HRMS started  version=0.1.0
2026-08-22 09:40:04 | INFO     | app.main | Dayflow HRMS started  version=0.1.0
2026-08-22 09:40:10 | INFO     | app.main | Dayflow HRMS started  version=0.1.0
2026-08-22 09:40:22 | INFO     | app.main | Dayflow HRMS started  version=0.1.0
2026-08-22 09:40:28 | INFO     | app.main | Dayflow HRMS started  version=0.1.0
2026-08-22 09:40:29 | INFO     | app.services.auth_service | User authenticated  user_id=3  login_id=ADMIN-TEST-67f03d  role=UserRole.ADMIN
2026-08-22 09:40:29 | INFO     | app.middleware.request_id | POST /api/auth/login → 200  (173.8ms)  request_id=bbe1c36b-bb4e-4d1d-8868-5d684e902ea3
2026-08-22 09:40:29 | INFO     | httpx | HTTP Request: POST http://test/api/auth/login "HTTP/1.1 200 OK"
2026-08-22 09:40:29 | INFO     | app.services.employee_service | Employee created  employee_id=EMP-0002  user_id=4  email=emp-cde29c@test.com
2026-08-22 09:40:29 | INFO     | app.middleware.request_id | POST /api/employees → 201  (182.8ms)  request_id=c549bf8a-5d4e-4aa3-b42d-8802e906b644
2026-08-22 09:40:29 | INFO     | httpx | HTTP Request: POST http://test/api/employees "HTTP/1.1 201 Created"
2026-08-22 09:40:29 | INFO     | app.services.auth_service | User authenticated  user_id=4  login_id=EMP-0002  role=UserRole.EMPLOYEE
2026-08-22 09:40:29 | INFO     | app.middleware.request_id | POST /api/auth/login → 200  (169.6ms)  request_id=3f5dc73c-3595-4595-94cb-05d695c84eca
2026-08-22 09:40:29 | INFO     | httpx | HTTP Request: POST http://test/api/auth/login "HTTP/1.1 200 OK"
2026-08-22 09:40:29 | INFO     | app.services.attendance_service | Check-in recorded  employee_id=2  time=2026-08-22T04:10:29.720615+00:00
2026-08-22 09:40:29 | INFO     | app.middleware.request_id | POST /api/attendance/check-in → 201  (10.4ms)  request_id=6141a06e-66d8-45a6-9f4a-9b998263cf69
2026-08-22 09:40:29 | INFO     | httpx | HTTP Request: POST http://test/api/attendance/check-in "HTTP/1.1 201 Created"
2026-08-22 09:40:31 | ERROR    | app.main | Unhandled exception  method=POST  path=/api/auth/login  request_id=0af16893-214a-4bea-9729-34c12e8d9ce2
Traceback (most recent call last):
  File "/home/chinmay/projects/nitte_hack/backend/.venv/lib/python3.12/site-packages/sqlalchemy/dialects/postgresql/asyncpg.py", line 848, in _start_transaction
    await self._transaction.start()
  File "/home/chinmay/projects/nitte_hack/backend/.venv/lib/python3.12/site-packages/asyncpg/transaction.py", line 146, in start
    await self._connection.execute(query)
  File "/home/chinmay/projects/nitte_hack/backend/.venv/lib/python3.12/site-packages/asyncpg/connection.py", line 354, in execute
    result = await self._protocol.query(query, timeout)
             ^^^^^^^^^^^^^^^^^^^^^^^^^^^^^^^^^^^^^^^^^^
  File "asyncpg/protocol/protocol.pyx", line 354, in query
  File "asyncpg/protocol/protocol.pyx", line 735, in asyncpg.protocol.protocol.BaseProtocol._check_state
asyncpg.exceptions._base.InterfaceError: cannot perform operation: another operation is in progress

The above exception was the direct cause of the following exception:

Traceback (most recent call last):
  File "/home/chinmay/projects/nitte_hack/backend/.venv/lib/python3.12/site-packages/sqlalchemy/engine/base.py", line 1967, in _exec_single_context
    self.dialect.do_execute(
  File "/home/chinmay/projects/nitte_hack/backend/.venv/lib/python3.12/site-packages/sqlalchemy/engine/default.py", line 952, in do_execute
    cursor.execute(statement, parameters)
  File "/home/chinmay/projects/nitte_hack/backend/.venv/lib/python3.12/site-packages/sqlalchemy/dialects/postgresql/asyncpg.py", line 585, in execute
    self._adapt_connection.await_(
  File "/home/chinmay/projects/nitte_hack/backend/.venv/lib/python3.12/site-packages/sqlalchemy/util/_concurrency_py3k.py", line 132, in await_only
    return current.parent.switch(awaitable)  # type: ignore[no-any-return,attr-defined] # noqa: E501
           ^^^^^^^^^^^^^^^^^^^^^^^^^^^^^^^^
  File "/home/chinmay/projects/nitte_hack/backend/.venv/lib/python3.12/site-packages/sqlalchemy/util/_concurrency_py3k.py", line 196, in greenlet_spawn
    value = await result
            ^^^^^^^^^^^^
  File "/home/chinmay/projects/nitte_hack/backend/.venv/lib/python3.12/site-packages/sqlalchemy/dialects/postgresql/asyncpg.py", line 520, in _prepare_and_execute
    await adapt_connection._start_transaction()
  File "/home/chinmay/projects/nitte_hack/backend/.venv/lib/python3.12/site-packages/sqlalchemy/dialects/postgresql/asyncpg.py", line 850, in _start_transaction
    self._handle_exception(error)
  File "/home/chinmay/projects/nitte_hack/backend/.venv/lib/python3.12/site-packages/sqlalchemy/dialects/postgresql/asyncpg.py", line 797, in _handle_exception
    raise translated_error from error
sqlalchemy.dialects.postgresql.asyncpg.AsyncAdapt_asyncpg_dbapi.InterfaceError: <class 'asyncpg.exceptions._base.InterfaceError'>: cannot perform operation: another operation is in progress

The above exception was the direct cause of the following exception:

Traceback (most recent call last):
  File "/home/chinmay/projects/nitte_hack/backend/.venv/lib/python3.12/site-packages/starlette/middleware/errors.py", line 164, in __call__
    await self.app(scope, receive, _send)
  File "/home/chinmay/projects/nitte_hack/backend/.venv/lib/python3.12/site-packages/starlette/middleware/cors.py", line 88, in __call__
    await self.app(scope, receive, send)
  File "/home/chinmay/projects/nitte_hack/backend/.venv/lib/python3.12/site-packages/starlette/middleware/base.py", line 191, in __call__
    with recv_stream, send_stream, collapse_excgroups():
  File "/usr/lib/python3.12/contextlib.py", line 158, in __exit__
    self.gen.throw(value)
  File "/home/chinmay/projects/nitte_hack/backend/.venv/lib/python3.12/site-packages/starlette/_utils.py", line 87, in collapse_excgroups
    raise exc
  File "/home/chinmay/projects/nitte_hack/backend/.venv/lib/python3.12/site-packages/starlette/middleware/base.py", line 193, in __call__
    response = await self.dispatch_func(request, call_next)
               ^^^^^^^^^^^^^^^^^^^^^^^^^^^^^^^^^^^^^^^^^^^^
  File "/home/chinmay/projects/nitte_hack/backend/app/middleware/request_id.py", line 26, in dispatch
    response: Response = await call_next(request)
                         ^^^^^^^^^^^^^^^^^^^^^^^^
  File "/home/chinmay/projects/nitte_hack/backend/.venv/lib/python3.12/site-packages/starlette/middleware/base.py", line 168, in call_next
    raise app_exc from app_exc.__cause__ or app_exc.__context__
  File "/home/chinmay/projects/nitte_hack/backend/.venv/lib/python3.12/site-packages/starlette/middleware/base.py", line 144, in coro
    await self.app(scope, receive_or_disconnect, send_no_error)
  File "/home/chinmay/projects/nitte_hack/backend/.venv/lib/python3.12/site-packages/starlette/middleware/exceptions.py", line 63, in __call__
    await wrap_app_handling_exceptions(self.app, conn)(scope, receive, send)
  File "/home/chinmay/projects/nitte_hack/backend/.venv/lib/python3.12/site-packages/starlette/_exception_handler.py", line 53, in wrapped_app
    raise exc
  File "/home/chinmay/projects/nitte_hack/backend/.venv/lib/python3.12/site-packages/starlette/_exception_handler.py", line 42, in wrapped_app
    await app(scope, receive, sender)
  File "/home/chinmay/projects/nitte_hack/backend/.venv/lib/python3.12/site-packages/fastapi/middleware/asyncexitstack.py", line 18, in __call__
    await self.app(scope, receive, send)
  File "/home/chinmay/projects/nitte_hack/backend/.venv/lib/python3.12/site-packages/starlette/routing.py", line 660, in __call__
    await self.middleware_stack(scope, receive, send)
  File "/home/chinmay/projects/nitte_hack/backend/.venv/lib/python3.12/site-packages/starlette/routing.py", line 680, in app
    await route.handle(scope, receive, send)
  File "/home/chinmay/projects/nitte_hack/backend/.venv/lib/python3.12/site-packages/starlette/routing.py", line 276, in handle
    await self.app(scope, receive, send)
  File "/home/chinmay/projects/nitte_hack/backend/.venv/lib/python3.12/site-packages/fastapi/routing.py", line 134, in app
    await wrap_app_handling_exceptions(app, request)(scope, receive, send)
  File "/home/chinmay/projects/nitte_hack/backend/.venv/lib/python3.12/site-packages/starlette/_exception_handler.py", line 53, in wrapped_app
    raise exc
  File "/home/chinmay/projects/nitte_hack/backend/.venv/lib/python3.12/site-packages/starlette/_exception_handler.py", line 42, in wrapped_app
    await app(scope, receive, sender)
  File "/home/chinmay/projects/nitte_hack/backend/.venv/lib/python3.12/site-packages/fastapi/routing.py", line 120, in app
    response = await f(request)
               ^^^^^^^^^^^^^^^^
  File "/home/chinmay/projects/nitte_hack/backend/.venv/lib/python3.12/site-packages/fastapi/routing.py", line 674, in app
    raw_response = await run_endpoint_function(
                   ^^^^^^^^^^^^^^^^^^^^^^^^^^^^
  File "/home/chinmay/projects/nitte_hack/backend/.venv/lib/python3.12/site-packages/fastapi/routing.py", line 328, in run_endpoint_function
    return await dependant.call(**values)
           ^^^^^^^^^^^^^^^^^^^^^^^^^^^^^^
  File "/home/chinmay/projects/nitte_hack/backend/app/api/auth.py", line 29, in login
    return await auth_service.authenticate_user(db, credentials.login_id, credentials.password)
           ^^^^^^^^^^^^^^^^^^^^^^^^^^^^^^^^^^^^^^^^^^^^^^^^^^^^^^^^^^^^^^^^^^^^^^^^^^^^^^^^^^^^
  File "/home/chinmay/projects/nitte_hack/backend/app/services/auth_service.py", line 27, in authenticate_user
    result = await db.execute(
             ^^^^^^^^^^^^^^^^^
  File "/home/chinmay/projects/nitte_hack/backend/.venv/lib/python3.12/site-packages/sqlalchemy/ext/asyncio/session.py", line 449, in execute
    result = await greenlet_spawn(
             ^^^^^^^^^^^^^^^^^^^^^
  File "/home/chinmay/projects/nitte_hack/backend/.venv/lib/python3.12/site-packages/sqlalchemy/util/_concurrency_py3k.py", line 201, in greenlet_spawn
    result = context.throw(*sys.exc_info())
             ^^^^^^^^^^^^^^^^^^^^^^^^^^^^^^
  File "/home/chinmay/projects/nitte_hack/backend/.venv/lib/python3.12/site-packages/sqlalchemy/orm/session.py", line 2351, in execute
    return self._execute_internal(
           ^^^^^^^^^^^^^^^^^^^^^^^
  File "/home/chinmay/projects/nitte_hack/backend/.venv/lib/python3.12/site-packages/sqlalchemy/orm/session.py", line 2249, in _execute_internal
    result: Result[Any] = compile_state_cls.orm_execute_statement(
                          ^^^^^^^^^^^^^^^^^^^^^^^^^^^^^^^^^^^^^^^^
  File "/home/chinmay/projects/nitte_hack/backend/.venv/lib/python3.12/site-packages/sqlalchemy/orm/context.py", line 306, in orm_execute_statement
    result = conn.execute(
             ^^^^^^^^^^^^^
  File "/home/chinmay/projects/nitte_hack/backend/.venv/lib/python3.12/site-packages/sqlalchemy/engine/base.py", line 1419, in execute
    return meth(
           ^^^^^
  File "/home/chinmay/projects/nitte_hack/backend/.venv/lib/python3.12/site-packages/sqlalchemy/sql/elements.py", line 527, in _execute_on_connection
    return connection._execute_clauseelement(
           ^^^^^^^^^^^^^^^^^^^^^^^^^^^^^^^^^^
  File "/home/chinmay/projects/nitte_hack/backend/.venv/lib/python3.12/site-packages/sqlalchemy/engine/base.py", line 1641, in _execute_clauseelement
    ret = self._execute_context(
          ^^^^^^^^^^^^^^^^^^^^^^
  File "/home/chinmay/projects/nitte_hack/backend/.venv/lib/python3.12/site-packages/sqlalchemy/engine/base.py", line 1846, in _execute_context
    return self._exec_single_context(
           ^^^^^^^^^^^^^^^^^^^^^^^^^^
  File "/home/chinmay/projects/nitte_hack/backend/.venv/lib/python3.12/site-packages/sqlalchemy/engine/base.py", line 1986, in _exec_single_context
    self._handle_dbapi_exception(
  File "/home/chinmay/projects/nitte_hack/backend/.venv/lib/python3.12/site-packages/sqlalchemy/engine/base.py", line 2363, in _handle_dbapi_exception
    raise sqlalchemy_exception.with_traceback(exc_info[2]) from e
  File "/home/chinmay/projects/nitte_hack/backend/.venv/lib/python3.12/site-packages/sqlalchemy/engine/base.py", line 1967, in _exec_single_context
    self.dialect.do_execute(
  File "/home/chinmay/projects/nitte_hack/backend/.venv/lib/python3.12/site-packages/sqlalchemy/engine/default.py", line 952, in do_execute
    cursor.execute(statement, parameters)
  File "/home/chinmay/projects/nitte_hack/backend/.venv/lib/python3.12/site-packages/sqlalchemy/dialects/postgresql/asyncpg.py", line 585, in execute
    self._adapt_connection.await_(
  File "/home/chinmay/projects/nitte_hack/backend/.venv/lib/python3.12/site-packages/sqlalchemy/util/_concurrency_py3k.py", line 132, in await_only
    return current.parent.switch(awaitable)  # type: ignore[no-any-return,attr-defined] # noqa: E501
           ^^^^^^^^^^^^^^^^^^^^^^^^^^^^^^^^
  File "/home/chinmay/projects/nitte_hack/backend/.venv/lib/python3.12/site-packages/sqlalchemy/util/_concurrency_py3k.py", line 196, in greenlet_spawn
    value = await result
            ^^^^^^^^^^^^
  File "/home/chinmay/projects/nitte_hack/backend/.venv/lib/python3.12/site-packages/sqlalchemy/dialects/postgresql/asyncpg.py", line 520, in _prepare_and_execute
    await adapt_connection._start_transaction()
  File "/home/chinmay/projects/nitte_hack/backend/.venv/lib/python3.12/site-packages/sqlalchemy/dialects/postgresql/asyncpg.py", line 850, in _start_transaction
    self._handle_exception(error)
  File "/home/chinmay/projects/nitte_hack/backend/.venv/lib/python3.12/site-packages/sqlalchemy/dialects/postgresql/asyncpg.py", line 797, in _handle_exception
    raise translated_error from error
sqlalchemy.exc.InterfaceError: (sqlalchemy.dialects.postgresql.asyncpg.InterfaceError) <class 'asyncpg.exceptions._base.InterfaceError'>: cannot perform operation: another operation is in progress
[SQL: SELECT users.id, users.login_id, users.email, users.hashed_password, users.role, users.must_change_password, users.is_active, users.created_at, users.updated_at 
FROM users 
WHERE users.login_id = $1::VARCHAR OR users.email = $2::VARCHAR]
[parameters: ('GHOST-9999', 'GHOST-9999')]
(Background on this error at: https://sqlalche.me/e/20/rvf5)
2026-08-22 09:40:32 | INFO     | app.middleware.request_id | GET /api/employees → 401  (0.5ms)  request_id=5e862de0-81a3-4242-bdcf-577202295e9d
2026-08-22 09:40:32 | INFO     | httpx | HTTP Request: GET http://test/api/employees "HTTP/1.1 401 Unauthorized"
2026-08-22 09:40:32 | INFO     | app.middleware.request_id | GET /api/employees → 401  (0.5ms)  request_id=9cc0e5ba-1ef4-499e-8d72-08f891c3cd73
2026-08-22 09:40:32 | INFO     | httpx | HTTP Request: GET http://test/api/employees "HTTP/1.1 401 Unauthorized"
2026-08-22 09:40:41 | ERROR    | sqlalchemy.pool.impl.AsyncAdaptedQueuePool | Exception closing connection <AdaptedConnection <asyncpg.connection.Connection object at 0x7903fa073980>>
Traceback (most recent call last):
  File "/home/chinmay/projects/nitte_hack/backend/.venv/lib/python3.12/site-packages/sqlalchemy/pool/base.py", line 375, in _close_connection
    self._dialect.do_close(connection)
  File "/home/chinmay/projects/nitte_hack/backend/.venv/lib/python3.12/site-packages/sqlalchemy/engine/default.py", line 721, in do_close
    dbapi_connection.close()
  File "/home/chinmay/projects/nitte_hack/backend/.venv/lib/python3.12/site-packages/sqlalchemy/dialects/postgresql/asyncpg.py", line 903, in close
    self.await_(self._connection.close())
  File "/home/chinmay/projects/nitte_hack/backend/.venv/lib/python3.12/site-packages/sqlalchemy/util/_concurrency_py3k.py", line 132, in await_only
    return current.parent.switch(awaitable)  # type: ignore[no-any-return,attr-defined] # noqa: E501
           ^^^^^^^^^^^^^^^^^^^^^^^^^^^^^^^^
  File "/home/chinmay/projects/nitte_hack/backend/.venv/lib/python3.12/site-packages/sqlalchemy/util/_concurrency_py3k.py", line 196, in greenlet_spawn
    value = await result
            ^^^^^^^^^^^^
  File "/home/chinmay/projects/nitte_hack/backend/.venv/lib/python3.12/site-packages/asyncpg/connection.py", line 1513, in close
    await self._protocol.close(timeout)
  File "asyncpg/protocol/protocol.pyx", line 617, in close
  File "asyncpg/protocol/protocol.pyx", line 650, in asyncpg.protocol.protocol.BaseProtocol._request_cancel
  File "/home/chinmay/projects/nitte_hack/backend/.venv/lib/python3.12/site-packages/asyncpg/connection.py", line 1682, in _cancel_current_command
    self._cancellations.add(self._loop.create_task(self._cancel(waiter)))
                            ^^^^^^^^^^^^^^^^^^^^^^^^^^^^^^^^^^^^^^^^^^^^
  File "/usr/lib/python3.12/asyncio/base_events.py", line 456, in create_task
    self._check_closed()
  File "/usr/lib/python3.12/asyncio/base_events.py", line 541, in _check_closed
    raise RuntimeError('Event loop is closed')
RuntimeError: Event loop is closed
2026-08-22 09:41:02 | INFO     | app.main | Dayflow HRMS started  version=0.1.0
2026-08-22 09:41:17 | INFO     | app.main | Dayflow HRMS started  version=0.1.0
2026-08-22 09:41:17 | INFO     | app.services.auth_service | User authenticated  user_id=5  login_id=ADMIN-TEST-c4c909cc  role=UserRole.ADMIN
2026-08-22 09:41:17 | INFO     | app.middleware.request_id | POST /api/auth/login → 200  (182.8ms)  request_id=2c24dfd3-01b1-49d0-b656-3f81a01baf4e
2026-08-22 09:41:17 | INFO     | httpx | HTTP Request: POST http://test/api/auth/login "HTTP/1.1 200 OK"
2026-08-22 09:41:17 | INFO     | app.services.employee_service | Employee created  employee_id=EMP-0003  user_id=6  email=emp-da755fe6@hrms-test.com
2026-08-22 09:41:17 | INFO     | app.middleware.request_id | POST /api/employees → 201  (182.5ms)  request_id=e8cd7865-f580-45be-8825-a7785ea145d2
2026-08-22 09:41:17 | INFO     | httpx | HTTP Request: POST http://test/api/employees "HTTP/1.1 201 Created"
2026-08-22 09:41:17 | INFO     | app.services.auth_service | User authenticated  user_id=6  login_id=EMP-0003  role=UserRole.EMPLOYEE
2026-08-22 09:41:17 | INFO     | app.middleware.request_id | POST /api/auth/login → 200  (169.2ms)  request_id=11044170-3551-4798-963c-7127a6a06b60
2026-08-22 09:41:17 | INFO     | httpx | HTTP Request: POST http://test/api/auth/login "HTTP/1.1 200 OK"
2026-08-22 09:41:17 | INFO     | app.services.attendance_service | Check-in recorded  employee_id=3  time=2026-08-22T04:11:17.987635+00:00
2026-08-22 09:41:17 | INFO     | app.middleware.request_id | POST /api/attendance/check-in → 201  (10.8ms)  request_id=178cc983-6c14-47d3-9595-6cb30e6b74fd
2026-08-22 09:41:17 | INFO     | httpx | HTTP Request: POST http://test/api/attendance/check-in "HTTP/1.1 201 Created"
2026-08-22 09:41:18 | ERROR    | sqlalchemy.pool.impl.AsyncAdaptedQueuePool | Exception terminating connection <AdaptedConnection <asyncpg.connection.Connection object at 0x76e23e9bb2f0>>
Traceback (most recent call last):
  File "/home/chinmay/projects/nitte_hack/backend/.venv/lib/python3.12/site-packages/sqlalchemy/pool/base.py", line 373, in _close_connection
    self._dialect.do_terminate(connection)
  File "/home/chinmay/projects/nitte_hack/backend/.venv/lib/python3.12/site-packages/sqlalchemy/dialects/postgresql/asyncpg.py", line 1127, in do_terminate
    dbapi_connection.terminate()
  File "/home/chinmay/projects/nitte_hack/backend/.venv/lib/python3.12/site-packages/sqlalchemy/connectors/asyncio.py", line 402, in terminate
    self.await_(asyncio.shield(self._terminate_graceful_close()))  # type: ignore[attr-defined] # noqa: E501
    ^^^^^^^^^^^^^^^^^^^^^^^^^^^^^^^^^^^^^^^^^^^^^^^^^^^^^^^^^^^^^
  File "/home/chinmay/projects/nitte_hack/backend/.venv/lib/python3.12/site-packages/sqlalchemy/util/_concurrency_py3k.py", line 132, in await_only
    return current.parent.switch(awaitable)  # type: ignore[no-any-return,attr-defined] # noqa: E501
           ^^^^^^^^^^^^^^^^^^^^^^^^^^^^^^^^
  File "/home/chinmay/projects/nitte_hack/backend/.venv/lib/python3.12/site-packages/sqlalchemy/util/_concurrency_py3k.py", line 196, in greenlet_spawn
    value = await result
            ^^^^^^^^^^^^
  File "/home/chinmay/projects/nitte_hack/backend/.venv/lib/python3.12/site-packages/sqlalchemy/dialects/postgresql/asyncpg.py", line 912, in _terminate_graceful_close
    await self._connection.close(timeout=2)
  File "/home/chinmay/projects/nitte_hack/backend/.venv/lib/python3.12/site-packages/asyncpg/connection.py", line 1513, in close
    await self._protocol.close(timeout)
  File "asyncpg/protocol/protocol.pyx", line 617, in close
  File "asyncpg/protocol/protocol.pyx", line 650, in asyncpg.protocol.protocol.BaseProtocol._request_cancel
  File "/home/chinmay/projects/nitte_hack/backend/.venv/lib/python3.12/site-packages/asyncpg/connection.py", line 1682, in _cancel_current_command
    self._cancellations.add(self._loop.create_task(self._cancel(waiter)))
                            ^^^^^^^^^^^^^^^^^^^^^^^^^^^^^^^^^^^^^^^^^^^^
  File "/usr/lib/python3.12/asyncio/base_events.py", line 456, in create_task
    self._check_closed()
  File "/usr/lib/python3.12/asyncio/base_events.py", line 541, in _check_closed
    raise RuntimeError('Event loop is closed')
RuntimeError: Event loop is closed
2026-08-22 09:41:18 | INFO     | app.services.auth_service | User authenticated  user_id=7  login_id=ADMIN-TEST-2b0583ea  role=UserRole.ADMIN
2026-08-22 09:41:18 | INFO     | app.middleware.request_id | POST /api/auth/login → 200  (172.1ms)  request_id=dd1a6566-a857-44ab-b0ac-98b5e877ffb2
2026-08-22 09:41:18 | INFO     | httpx | HTTP Request: POST http://test/api/auth/login "HTTP/1.1 200 OK"
2026-08-22 09:41:18 | INFO     | app.services.employee_service | Employee created  employee_id=EMP-0004  user_id=8  email=nci-6c3a42@t.com
2026-08-22 09:41:18 | INFO     | app.middleware.request_id | POST /api/employees → 201  (178.8ms)  request_id=5180286b-501f-456f-81ad-d0ad486429c5
2026-08-22 09:41:18 | INFO     | httpx | HTTP Request: POST http://test/api/employees "HTTP/1.1 201 Created"
2026-08-22 09:41:19 | INFO     | app.services.auth_service | User authenticated  user_id=8  login_id=EMP-0004  role=UserRole.EMPLOYEE
2026-08-22 09:41:19 | INFO     | app.middleware.request_id | POST /api/auth/login → 200  (169.1ms)  request_id=fa17a454-e814-4687-a375-f110a8b48fd4
2026-08-22 09:41:19 | INFO     | httpx | HTTP Request: POST http://test/api/auth/login "HTTP/1.1 200 OK"
2026-08-22 09:41:19 | INFO     | app.middleware.request_id | POST /api/attendance/check-out → 409  (4.3ms)  request_id=35bb12de-2437-499c-93cd-655ea6824352
2026-08-22 09:41:19 | INFO     | httpx | HTTP Request: POST http://test/api/attendance/check-out "HTTP/1.1 409 Conflict"
2026-08-22 09:41:19 | ERROR    | sqlalchemy.pool.impl.AsyncAdaptedQueuePool | Exception terminating connection <AdaptedConnection <asyncpg.connection.Connection object at 0x76e23ea445f0>>
Traceback (most recent call last):
  File "/home/chinmay/projects/nitte_hack/backend/.venv/lib/python3.12/site-packages/sqlalchemy/pool/base.py", line 373, in _close_connection
    self._dialect.do_terminate(connection)
  File "/home/chinmay/projects/nitte_hack/backend/.venv/lib/python3.12/site-packages/sqlalchemy/dialects/postgresql/asyncpg.py", line 1127, in do_terminate
    dbapi_connection.terminate()
  File "/home/chinmay/projects/nitte_hack/backend/.venv/lib/python3.12/site-packages/sqlalchemy/connectors/asyncio.py", line 402, in terminate
    self.await_(asyncio.shield(self._terminate_graceful_close()))  # type: ignore[attr-defined] # noqa: E501
    ^^^^^^^^^^^^^^^^^^^^^^^^^^^^^^^^^^^^^^^^^^^^^^^^^^^^^^^^^^^^^
  File "/home/chinmay/projects/nitte_hack/backend/.venv/lib/python3.12/site-packages/sqlalchemy/util/_concurrency_py3k.py", line 132, in await_only
    return current.parent.switch(awaitable)  # type: ignore[no-any-return,attr-defined] # noqa: E501
           ^^^^^^^^^^^^^^^^^^^^^^^^^^^^^^^^
  File "/home/chinmay/projects/nitte_hack/backend/.venv/lib/python3.12/site-packages/sqlalchemy/util/_concurrency_py3k.py", line 196, in greenlet_spawn
    value = await result
            ^^^^^^^^^^^^
  File "/home/chinmay/projects/nitte_hack/backend/.venv/lib/python3.12/site-packages/sqlalchemy/dialects/postgresql/asyncpg.py", line 912, in _terminate_graceful_close
    await self._connection.close(timeout=2)
  File "/home/chinmay/projects/nitte_hack/backend/.venv/lib/python3.12/site-packages/asyncpg/connection.py", line 1513, in close
    await self._protocol.close(timeout)
  File "asyncpg/protocol/protocol.pyx", line 617, in close
  File "asyncpg/protocol/protocol.pyx", line 650, in asyncpg.protocol.protocol.BaseProtocol._request_cancel
  File "/home/chinmay/projects/nitte_hack/backend/.venv/lib/python3.12/site-packages/asyncpg/connection.py", line 1682, in _cancel_current_command
    self._cancellations.add(self._loop.create_task(self._cancel(waiter)))
                            ^^^^^^^^^^^^^^^^^^^^^^^^^^^^^^^^^^^^^^^^^^^^
  File "/usr/lib/python3.12/asyncio/base_events.py", line 456, in create_task
    self._check_closed()
  File "/usr/lib/python3.12/asyncio/base_events.py", line 541, in _check_closed
    raise RuntimeError('Event loop is closed')
RuntimeError: Event loop is closed
2026-08-22 09:41:19 | WARNING  | app.services.auth_service | Failed login attempt for identifier=GHOST-9999
2026-08-22 09:41:19 | INFO     | app.middleware.request_id | POST /api/auth/login → 401  (23.0ms)  request_id=f1a1cca3-442b-45f0-8d06-445fbcf4b8a7
2026-08-22 09:41:19 | INFO     | httpx | HTTP Request: POST http://test/api/auth/login "HTTP/1.1 401 Unauthorized"
2026-08-22 09:41:19 | INFO     | app.middleware.request_id | GET /api/employees → 401  (0.2ms)  request_id=d4496ca5-9ef5-46f7-b554-541b7868d5b7
2026-08-22 09:41:19 | INFO     | httpx | HTTP Request: GET http://test/api/employees "HTTP/1.1 401 Unauthorized"
2026-08-22 09:41:19 | INFO     | app.middleware.request_id | GET /api/employees → 401  (0.3ms)  request_id=8f61c9a3-38d5-41e2-9b26-3c9c2a722179
2026-08-22 09:41:19 | INFO     | httpx | HTTP Request: GET http://test/api/employees "HTTP/1.1 401 Unauthorized"
2026-08-22 09:41:19 | ERROR    | sqlalchemy.pool.impl.AsyncAdaptedQueuePool | Exception terminating connection <AdaptedConnection <asyncpg.connection.Connection object at 0x76e23e9ba7b0>>
Traceback (most recent call last):
  File "/home/chinmay/projects/nitte_hack/backend/.venv/lib/python3.12/site-packages/sqlalchemy/pool/base.py", line 373, in _close_connection
    self._dialect.do_terminate(connection)
  File "/home/chinmay/projects/nitte_hack/backend/.venv/lib/python3.12/site-packages/sqlalchemy/dialects/postgresql/asyncpg.py", line 1127, in do_terminate
    dbapi_connection.terminate()
  File "/home/chinmay/projects/nitte_hack/backend/.venv/lib/python3.12/site-packages/sqlalchemy/connectors/asyncio.py", line 402, in terminate
    self.await_(asyncio.shield(self._terminate_graceful_close()))  # type: ignore[attr-defined] # noqa: E501
    ^^^^^^^^^^^^^^^^^^^^^^^^^^^^^^^^^^^^^^^^^^^^^^^^^^^^^^^^^^^^^
  File "/home/chinmay/projects/nitte_hack/backend/.venv/lib/python3.12/site-packages/sqlalchemy/util/_concurrency_py3k.py", line 132, in await_only
    return current.parent.switch(awaitable)  # type: ignore[no-any-return,attr-defined] # noqa: E501
           ^^^^^^^^^^^^^^^^^^^^^^^^^^^^^^^^
  File "/home/chinmay/projects/nitte_hack/backend/.venv/lib/python3.12/site-packages/sqlalchemy/util/_concurrency_py3k.py", line 196, in greenlet_spawn
    value = await result
            ^^^^^^^^^^^^
  File "/home/chinmay/projects/nitte_hack/backend/.venv/lib/python3.12/site-packages/sqlalchemy/dialects/postgresql/asyncpg.py", line 912, in _terminate_graceful_close
    await self._connection.close(timeout=2)
  File "/home/chinmay/projects/nitte_hack/backend/.venv/lib/python3.12/site-packages/asyncpg/connection.py", line 1513, in close
    await self._protocol.close(timeout)
  File "asyncpg/protocol/protocol.pyx", line 617, in close
  File "asyncpg/protocol/protocol.pyx", line 650, in asyncpg.protocol.protocol.BaseProtocol._request_cancel
  File "/home/chinmay/projects/nitte_hack/backend/.venv/lib/python3.12/site-packages/asyncpg/connection.py", line 1682, in _cancel_current_command
    self._cancellations.add(self._loop.create_task(self._cancel(waiter)))
                            ^^^^^^^^^^^^^^^^^^^^^^^^^^^^^^^^^^^^^^^^^^^^
  File "/usr/lib/python3.12/asyncio/base_events.py", line 456, in create_task
    self._check_closed()
  File "/usr/lib/python3.12/asyncio/base_events.py", line 541, in _check_closed
    raise RuntimeError('Event loop is closed')
RuntimeError: Event loop is closed
2026-08-22 09:41:20 | INFO     | app.services.auth_service | User authenticated  user_id=9  login_id=ADMIN-TEST-e88b6ba8  role=UserRole.ADMIN
2026-08-22 09:41:20 | INFO     | app.middleware.request_id | POST /api/auth/login → 200  (177.7ms)  request_id=316f5abd-189e-4a56-a4d6-b8877004e15a
2026-08-22 09:41:20 | INFO     | httpx | HTTP Request: POST http://test/api/auth/login "HTTP/1.1 200 OK"
2026-08-22 09:41:20 | INFO     | app.services.employee_service | Employee created  employee_id=EMP-0005  user_id=10  email=emp-16587153@hrms-test.com
2026-08-22 09:41:20 | INFO     | app.middleware.request_id | POST /api/employees → 201  (177.0ms)  request_id=c66c9459-1cbe-4837-a33b-7c90038c00b9
2026-08-22 09:41:20 | INFO     | httpx | HTTP Request: POST http://test/api/employees "HTTP/1.1 201 Created"
2026-08-22 09:41:20 | INFO     | app.services.auth_service | User authenticated  user_id=10  login_id=EMP-0005  role=UserRole.EMPLOYEE
2026-08-22 09:41:20 | INFO     | app.middleware.request_id | POST /api/auth/login → 200  (173.9ms)  request_id=3a620cf1-a0d2-4a14-8978-3c4d5a0510c8
2026-08-22 09:41:20 | INFO     | httpx | HTTP Request: POST http://test/api/auth/login "HTTP/1.1 200 OK"
2026-08-22 09:41:20 | INFO     | app.middleware.request_id | POST /api/auth/change-password → 409  (173.2ms)  request_id=4a79f757-7daa-4813-a81e-730a2dc1403e
2026-08-22 09:41:20 | INFO     | httpx | HTTP Request: POST http://test/api/auth/change-password "HTTP/1.1 409 Conflict"
2026-08-22 09:41:21 | ERROR    | sqlalchemy.pool.impl.AsyncAdaptedQueuePool | Exception terminating connection <AdaptedConnection <asyncpg.connection.Connection object at 0x76e23d13c9b0>>
Traceback (most recent call last):
  File "/home/chinmay/projects/nitte_hack/backend/.venv/lib/python3.12/site-packages/sqlalchemy/pool/base.py", line 373, in _close_connection
    self._dialect.do_terminate(connection)
  File "/home/chinmay/projects/nitte_hack/backend/.venv/lib/python3.12/site-packages/sqlalchemy/dialects/postgresql/asyncpg.py", line 1127, in do_terminate
    dbapi_connection.terminate()
  File "/home/chinmay/projects/nitte_hack/backend/.venv/lib/python3.12/site-packages/sqlalchemy/connectors/asyncio.py", line 402, in terminate
    self.await_(asyncio.shield(self._terminate_graceful_close()))  # type: ignore[attr-defined] # noqa: E501
    ^^^^^^^^^^^^^^^^^^^^^^^^^^^^^^^^^^^^^^^^^^^^^^^^^^^^^^^^^^^^^
  File "/home/chinmay/projects/nitte_hack/backend/.venv/lib/python3.12/site-packages/sqlalchemy/util/_concurrency_py3k.py", line 132, in await_only
    return current.parent.switch(awaitable)  # type: ignore[no-any-return,attr-defined] # noqa: E501
           ^^^^^^^^^^^^^^^^^^^^^^^^^^^^^^^^
  File "/home/chinmay/projects/nitte_hack/backend/.venv/lib/python3.12/site-packages/sqlalchemy/util/_concurrency_py3k.py", line 196, in greenlet_spawn
    value = await result
            ^^^^^^^^^^^^
  File "/home/chinmay/projects/nitte_hack/backend/.venv/lib/python3.12/site-packages/sqlalchemy/dialects/postgresql/asyncpg.py", line 912, in _terminate_graceful_close
    await self._connection.close(timeout=2)
  File "/home/chinmay/projects/nitte_hack/backend/.venv/lib/python3.12/site-packages/asyncpg/connection.py", line 1513, in close
    await self._protocol.close(timeout)
  File "asyncpg/protocol/protocol.pyx", line 617, in close
  File "asyncpg/protocol/protocol.pyx", line 650, in asyncpg.protocol.protocol.BaseProtocol._request_cancel
  File "/home/chinmay/projects/nitte_hack/backend/.venv/lib/python3.12/site-packages/asyncpg/connection.py", line 1682, in _cancel_current_command
    self._cancellations.add(self._loop.create_task(self._cancel(waiter)))
                            ^^^^^^^^^^^^^^^^^^^^^^^^^^^^^^^^^^^^^^^^^^^^
  File "/usr/lib/python3.12/asyncio/base_events.py", line 456, in create_task
    self._check_closed()
  File "/usr/lib/python3.12/asyncio/base_events.py", line 541, in _check_closed
    raise RuntimeError('Event loop is closed')
RuntimeError: Event loop is closed
2026-08-22 09:41:21 | INFO     | app.services.auth_service | User authenticated  user_id=11  login_id=ADMIN-TEST-067629e8  role=UserRole.ADMIN
2026-08-22 09:41:21 | INFO     | app.middleware.request_id | POST /api/auth/login → 200  (173.8ms)  request_id=6fa57f37-ac08-4fb7-bb38-a072724ecd5f
2026-08-22 09:41:21 | INFO     | httpx | HTTP Request: POST http://test/api/auth/login "HTTP/1.1 200 OK"
2026-08-22 09:41:21 | INFO     | app.services.employee_service | Employee created  employee_id=EMP-0006  user_id=12  email=emp-ec2e8190@hrms-test.com
2026-08-22 09:41:21 | INFO     | app.middleware.request_id | POST /api/employees → 201  (180.1ms)  request_id=a086ae47-0ca4-42f6-b3a0-ec503388a42e
2026-08-22 09:41:21 | INFO     | httpx | HTTP Request: POST http://test/api/employees "HTTP/1.1 201 Created"
2026-08-22 09:41:21 | INFO     | app.services.auth_service | User authenticated  user_id=12  login_id=EMP-0006  role=UserRole.EMPLOYEE
2026-08-22 09:41:21 | INFO     | app.middleware.request_id | POST /api/auth/login → 200  (174.0ms)  request_id=1edf5c39-314d-4f57-a090-84505bf92732
2026-08-22 09:41:21 | INFO     | httpx | HTTP Request: POST http://test/api/auth/login "HTTP/1.1 200 OK"
2026-08-22 09:41:22 | INFO     | app.middleware.request_id | POST /api/employees → 403  (1.5ms)  request_id=63325dd6-df46-4a1b-957b-d8e40588ea05
2026-08-22 09:41:22 | INFO     | httpx | HTTP Request: POST http://test/api/employees "HTTP/1.1 403 Forbidden"
2026-08-22 09:41:22 | ERROR    | sqlalchemy.pool.impl.AsyncAdaptedQueuePool | Exception terminating connection <AdaptedConnection <asyncpg.connection.Connection object at 0x76e23d13ef30>>
Traceback (most recent call last):
  File "/home/chinmay/projects/nitte_hack/backend/.venv/lib/python3.12/site-packages/sqlalchemy/pool/base.py", line 373, in _close_connection
    self._dialect.do_terminate(connection)
  File "/home/chinmay/projects/nitte_hack/backend/.venv/lib/python3.12/site-packages/sqlalchemy/dialects/postgresql/asyncpg.py", line 1127, in do_terminate
    dbapi_connection.terminate()
  File "/home/chinmay/projects/nitte_hack/backend/.venv/lib/python3.12/site-packages/sqlalchemy/connectors/asyncio.py", line 402, in terminate
    self.await_(asyncio.shield(self._terminate_graceful_close()))  # type: ignore[attr-defined] # noqa: E501
    ^^^^^^^^^^^^^^^^^^^^^^^^^^^^^^^^^^^^^^^^^^^^^^^^^^^^^^^^^^^^^
  File "/home/chinmay/projects/nitte_hack/backend/.venv/lib/python3.12/site-packages/sqlalchemy/util/_concurrency_py3k.py", line 132, in await_only
    return current.parent.switch(awaitable)  # type: ignore[no-any-return,attr-defined] # noqa: E501
           ^^^^^^^^^^^^^^^^^^^^^^^^^^^^^^^^
  File "/home/chinmay/projects/nitte_hack/backend/.venv/lib/python3.12/site-packages/sqlalchemy/util/_concurrency_py3k.py", line 196, in greenlet_spawn
    value = await result
            ^^^^^^^^^^^^
  File "/home/chinmay/projects/nitte_hack/backend/.venv/lib/python3.12/site-packages/sqlalchemy/dialects/postgresql/asyncpg.py", line 912, in _terminate_graceful_close
    await self._connection.close(timeout=2)
  File "/home/chinmay/projects/nitte_hack/backend/.venv/lib/python3.12/site-packages/asyncpg/connection.py", line 1513, in close
    await self._protocol.close(timeout)
  File "asyncpg/protocol/protocol.pyx", line 617, in close
  File "asyncpg/protocol/protocol.pyx", line 650, in asyncpg.protocol.protocol.BaseProtocol._request_cancel
  File "/home/chinmay/projects/nitte_hack/backend/.venv/lib/python3.12/site-packages/asyncpg/connection.py", line 1682, in _cancel_current_command
    self._cancellations.add(self._loop.create_task(self._cancel(waiter)))
                            ^^^^^^^^^^^^^^^^^^^^^^^^^^^^^^^^^^^^^^^^^^^^
  File "/usr/lib/python3.12/asyncio/base_events.py", line 456, in create_task
    self._check_closed()
  File "/usr/lib/python3.12/asyncio/base_events.py", line 541, in _check_closed
    raise RuntimeError('Event loop is closed')
RuntimeError: Event loop is closed
2026-08-22 09:41:22 | INFO     | app.services.auth_service | User authenticated  user_id=13  login_id=ADMIN-TEST-e415b560  role=UserRole.ADMIN
2026-08-22 09:41:22 | INFO     | app.middleware.request_id | POST /api/auth/login → 200  (181.5ms)  request_id=8a61827c-2ddf-4ffc-9d64-bbb5cc71c56a
2026-08-22 09:41:22 | INFO     | httpx | HTTP Request: POST http://test/api/auth/login "HTTP/1.1 200 OK"
2026-08-22 09:41:22 | INFO     | app.services.employee_service | Employee created  employee_id=EMP-0007  user_id=14  email=x1-1083ee@t.com
2026-08-22 09:41:22 | INFO     | app.middleware.request_id | POST /api/employees → 201  (182.5ms)  request_id=1f284260-5f11-47fc-ae76-7b9ddcd9bfb1
2026-08-22 09:41:22 | INFO     | httpx | HTTP Request: POST http://test/api/employees "HTTP/1.1 201 Created"
2026-08-22 09:41:23 | INFO     | app.services.employee_service | Employee created  employee_id=EMP-0008  user_id=15  email=x2-f8f9d3@t.com
2026-08-22 09:41:23 | INFO     | app.middleware.request_id | POST /api/employees → 201  (179.7ms)  request_id=3e2118b3-0c94-43f8-82f3-cc59a3e82963
2026-08-22 09:41:23 | INFO     | httpx | HTTP Request: POST http://test/api/employees "HTTP/1.1 201 Created"
2026-08-22 09:41:23 | ERROR    | sqlalchemy.pool.impl.AsyncAdaptedQueuePool | Exception terminating connection <AdaptedConnection <asyncpg.connection.Connection object at 0x76e23d114320>>
Traceback (most recent call last):
  File "/home/chinmay/projects/nitte_hack/backend/.venv/lib/python3.12/site-packages/sqlalchemy/pool/base.py", line 373, in _close_connection
    self._dialect.do_terminate(connection)
  File "/home/chinmay/projects/nitte_hack/backend/.venv/lib/python3.12/site-packages/sqlalchemy/dialects/postgresql/asyncpg.py", line 1127, in do_terminate
    dbapi_connection.terminate()
  File "/home/chinmay/projects/nitte_hack/backend/.venv/lib/python3.12/site-packages/sqlalchemy/connectors/asyncio.py", line 402, in terminate
    self.await_(asyncio.shield(self._terminate_graceful_close()))  # type: ignore[attr-defined] # noqa: E501
    ^^^^^^^^^^^^^^^^^^^^^^^^^^^^^^^^^^^^^^^^^^^^^^^^^^^^^^^^^^^^^
  File "/home/chinmay/projects/nitte_hack/backend/.venv/lib/python3.12/site-packages/sqlalchemy/util/_concurrency_py3k.py", line 132, in await_only
    return current.parent.switch(awaitable)  # type: ignore[no-any-return,attr-defined] # noqa: E501
           ^^^^^^^^^^^^^^^^^^^^^^^^^^^^^^^^
  File "/home/chinmay/projects/nitte_hack/backend/.venv/lib/python3.12/site-packages/sqlalchemy/util/_concurrency_py3k.py", line 196, in greenlet_spawn
    value = await result
            ^^^^^^^^^^^^
  File "/home/chinmay/projects/nitte_hack/backend/.venv/lib/python3.12/site-packages/sqlalchemy/dialects/postgresql/asyncpg.py", line 912, in _terminate_graceful_close
    await self._connection.close(timeout=2)
  File "/home/chinmay/projects/nitte_hack/backend/.venv/lib/python3.12/site-packages/asyncpg/connection.py", line 1513, in close
    await self._protocol.close(timeout)
  File "asyncpg/protocol/protocol.pyx", line 617, in close
  File "asyncpg/protocol/protocol.pyx", line 650, in asyncpg.protocol.protocol.BaseProtocol._request_cancel
  File "/home/chinmay/projects/nitte_hack/backend/.venv/lib/python3.12/site-packages/asyncpg/connection.py", line 1682, in _cancel_current_command
    self._cancellations.add(self._loop.create_task(self._cancel(waiter)))
                            ^^^^^^^^^^^^^^^^^^^^^^^^^^^^^^^^^^^^^^^^^^^^
  File "/usr/lib/python3.12/asyncio/base_events.py", line 456, in create_task
    self._check_closed()
  File "/usr/lib/python3.12/asyncio/base_events.py", line 541, in _check_closed
    raise RuntimeError('Event loop is closed')
RuntimeError: Event loop is closed
2026-08-22 09:41:24 | INFO     | app.services.auth_service | User authenticated  user_id=16  login_id=ADMIN-TEST-63b2b9fa  role=UserRole.ADMIN
2026-08-22 09:41:24 | INFO     | app.middleware.request_id | POST /api/auth/login → 200  (177.2ms)  request_id=32f344e7-fd08-469e-b8da-ead5a505273c
2026-08-22 09:41:24 | INFO     | httpx | HTTP Request: POST http://test/api/auth/login "HTTP/1.1 200 OK"
2026-08-22 09:41:24 | INFO     | app.services.employee_service | Employee created  employee_id=EMP-0009  user_id=17  email=emp-91bd5254@hrms-test.com
2026-08-22 09:41:24 | INFO     | app.middleware.request_id | POST /api/employees → 201  (180.9ms)  request_id=81e2b9dc-ce1b-4541-89cf-b3e0bfea01d8
2026-08-22 09:41:24 | INFO     | httpx | HTTP Request: POST http://test/api/employees "HTTP/1.1 201 Created"
2026-08-22 09:41:24 | INFO     | app.services.auth_service | User authenticated  user_id=17  login_id=EMP-0009  role=UserRole.EMPLOYEE
2026-08-22 09:41:24 | INFO     | app.middleware.request_id | POST /api/auth/login → 200  (173.9ms)  request_id=f25dab28-e542-483d-9cf3-25e4c53cacb9
2026-08-22 09:41:24 | INFO     | httpx | HTTP Request: POST http://test/api/auth/login "HTTP/1.1 200 OK"
2026-08-22 09:41:24 | INFO     | app.services.employee_service | Employee created  employee_id=EMP-0010  user_id=18  email=other-dd718e@t.com
2026-08-22 09:41:24 | INFO     | app.middleware.request_id | POST /api/employees → 201  (174.1ms)  request_id=1666aff9-032c-4477-99a5-db6823f96198
2026-08-22 09:41:24 | INFO     | httpx | HTTP Request: POST http://test/api/employees "HTTP/1.1 201 Created"
2026-08-22 09:41:24 | INFO     | app.middleware.request_id | GET /api/employees/10 → 403  (2.0ms)  request_id=09713a33-6969-41d3-9e39-2683d2d435de
2026-08-22 09:41:24 | INFO     | httpx | HTTP Request: GET http://test/api/employees/10 "HTTP/1.1 403 Forbidden"
2026-08-22 09:41:24 | ERROR    | sqlalchemy.pool.impl.AsyncAdaptedQueuePool | Exception terminating connection <AdaptedConnection <asyncpg.connection.Connection object at 0x76e23ea47c50>>
Traceback (most recent call last):
  File "/home/chinmay/projects/nitte_hack/backend/.venv/lib/python3.12/site-packages/sqlalchemy/pool/base.py", line 373, in _close_connection
    self._dialect.do_terminate(connection)
  File "/home/chinmay/projects/nitte_hack/backend/.venv/lib/python3.12/site-packages/sqlalchemy/dialects/postgresql/asyncpg.py", line 1127, in do_terminate
    dbapi_connection.terminate()
  File "/home/chinmay/projects/nitte_hack/backend/.venv/lib/python3.12/site-packages/sqlalchemy/connectors/asyncio.py", line 402, in terminate
    self.await_(asyncio.shield(self._terminate_graceful_close()))  # type: ignore[attr-defined] # noqa: E501
    ^^^^^^^^^^^^^^^^^^^^^^^^^^^^^^^^^^^^^^^^^^^^^^^^^^^^^^^^^^^^^
  File "/home/chinmay/projects/nitte_hack/backend/.venv/lib/python3.12/site-packages/sqlalchemy/util/_concurrency_py3k.py", line 132, in await_only
    return current.parent.switch(awaitable)  # type: ignore[no-any-return,attr-defined] # noqa: E501
           ^^^^^^^^^^^^^^^^^^^^^^^^^^^^^^^^
  File "/home/chinmay/projects/nitte_hack/backend/.venv/lib/python3.12/site-packages/sqlalchemy/util/_concurrency_py3k.py", line 196, in greenlet_spawn
    value = await result
            ^^^^^^^^^^^^
  File "/home/chinmay/projects/nitte_hack/backend/.venv/lib/python3.12/site-packages/sqlalchemy/dialects/postgresql/asyncpg.py", line 912, in _terminate_graceful_close
    await self._connection.close(timeout=2)
  File "/home/chinmay/projects/nitte_hack/backend/.venv/lib/python3.12/site-packages/asyncpg/connection.py", line 1513, in close
    await self._protocol.close(timeout)
  File "asyncpg/protocol/protocol.pyx", line 617, in close
  File "asyncpg/protocol/protocol.pyx", line 650, in asyncpg.protocol.protocol.BaseProtocol._request_cancel
  File "/home/chinmay/projects/nitte_hack/backend/.venv/lib/python3.12/site-packages/asyncpg/connection.py", line 1682, in _cancel_current_command
    self._cancellations.add(self._loop.create_task(self._cancel(waiter)))
                            ^^^^^^^^^^^^^^^^^^^^^^^^^^^^^^^^^^^^^^^^^^^^
  File "/usr/lib/python3.12/asyncio/base_events.py", line 456, in create_task
    self._check_closed()
  File "/usr/lib/python3.12/asyncio/base_events.py", line 541, in _check_closed
    raise RuntimeError('Event loop is closed')
RuntimeError: Event loop is closed
2026-08-22 09:41:25 | INFO     | app.services.auth_service | User authenticated  user_id=19  login_id=ADMIN-TEST-256cb8f2  role=UserRole.ADMIN
2026-08-22 09:41:25 | INFO     | app.middleware.request_id | POST /api/auth/login → 200  (172.7ms)  request_id=3d3ef03c-6e16-495c-b9f4-cd223754ec65
2026-08-22 09:41:25 | INFO     | httpx | HTTP Request: POST http://test/api/auth/login "HTTP/1.1 200 OK"
2026-08-22 09:41:25 | INFO     | app.services.employee_service | Employee created  employee_id=EMP-0011  user_id=20  email=emp-3cb38fc3@hrms-test.com
2026-08-22 09:41:25 | INFO     | app.middleware.request_id | POST /api/employees → 201  (179.4ms)  request_id=865dfca1-db84-4a78-a81e-f9fdac51b5f1
2026-08-22 09:41:25 | INFO     | httpx | HTTP Request: POST http://test/api/employees "HTTP/1.1 201 Created"
2026-08-22 09:41:25 | INFO     | app.services.auth_service | User authenticated  user_id=20  login_id=EMP-0011  role=UserRole.EMPLOYEE
2026-08-22 09:41:25 | INFO     | app.middleware.request_id | POST /api/auth/login → 200  (170.5ms)  request_id=99e31664-209a-4ce7-a49c-c4ad223c3919
2026-08-22 09:41:25 | INFO     | httpx | HTTP Request: POST http://test/api/auth/login "HTTP/1.1 200 OK"
2026-08-22 09:41:25 | INFO     | app.services.leave_service | Leave request created  employee_id=11  leave_id=2  type=LeaveType.PAID  dates=2027-10-01→2027-10-03
2026-08-22 09:41:25 | INFO     | app.middleware.request_id | POST /api/leave → 201  (12.1ms)  request_id=18e0fc8e-664a-42ca-849e-cc9455fc0ee3
2026-08-22 09:41:25 | INFO     | httpx | HTTP Request: POST http://test/api/leave "HTTP/1.1 201 Created"
2026-08-22 09:41:25 | ERROR    | sqlalchemy.pool.impl.AsyncAdaptedQueuePool | Exception terminating connection <AdaptedConnection <asyncpg.connection.Connection object at 0x76e23ea44e60>>
Traceback (most recent call last):
  File "/home/chinmay/projects/nitte_hack/backend/.venv/lib/python3.12/site-packages/sqlalchemy/pool/base.py", line 373, in _close_connection
    self._dialect.do_terminate(connection)
  File "/home/chinmay/projects/nitte_hack/backend/.venv/lib/python3.12/site-packages/sqlalchemy/dialects/postgresql/asyncpg.py", line 1127, in do_terminate
    dbapi_connection.terminate()
  File "/home/chinmay/projects/nitte_hack/backend/.venv/lib/python3.12/site-packages/sqlalchemy/connectors/asyncio.py", line 402, in terminate
    self.await_(asyncio.shield(self._terminate_graceful_close()))  # type: ignore[attr-defined] # noqa: E501
    ^^^^^^^^^^^^^^^^^^^^^^^^^^^^^^^^^^^^^^^^^^^^^^^^^^^^^^^^^^^^^
  File "/home/chinmay/projects/nitte_hack/backend/.venv/lib/python3.12/site-packages/sqlalchemy/util/_concurrency_py3k.py", line 132, in await_only
    return current.parent.switch(awaitable)  # type: ignore[no-any-return,attr-defined] # noqa: E501
           ^^^^^^^^^^^^^^^^^^^^^^^^^^^^^^^^
  File "/home/chinmay/projects/nitte_hack/backend/.venv/lib/python3.12/site-packages/sqlalchemy/util/_concurrency_py3k.py", line 196, in greenlet_spawn
    value = await result
            ^^^^^^^^^^^^
  File "/home/chinmay/projects/nitte_hack/backend/.venv/lib/python3.12/site-packages/sqlalchemy/dialects/postgresql/asyncpg.py", line 912, in _terminate_graceful_close
    await self._connection.close(timeout=2)
  File "/home/chinmay/projects/nitte_hack/backend/.venv/lib/python3.12/site-packages/asyncpg/connection.py", line 1513, in close
    await self._protocol.close(timeout)
  File "asyncpg/protocol/protocol.pyx", line 617, in close
  File "asyncpg/protocol/protocol.pyx", line 650, in asyncpg.protocol.protocol.BaseProtocol._request_cancel
  File "/home/chinmay/projects/nitte_hack/backend/.venv/lib/python3.12/site-packages/asyncpg/connection.py", line 1682, in _cancel_current_command
    self._cancellations.add(self._loop.create_task(self._cancel(waiter)))
                            ^^^^^^^^^^^^^^^^^^^^^^^^^^^^^^^^^^^^^^^^^^^^
  File "/usr/lib/python3.12/asyncio/base_events.py", line 456, in create_task
    self._check_closed()
  File "/usr/lib/python3.12/asyncio/base_events.py", line 541, in _check_closed
    raise RuntimeError('Event loop is closed')
RuntimeError: Event loop is closed
2026-08-22 09:41:26 | INFO     | app.services.auth_service | User authenticated  user_id=21  login_id=ADMIN-TEST-3c1f3479  role=UserRole.ADMIN
2026-08-22 09:41:26 | INFO     | app.middleware.request_id | POST /api/auth/login → 200  (172.0ms)  request_id=26dca595-e941-4ae4-8c6f-9bab89d92db1
2026-08-22 09:41:26 | INFO     | httpx | HTTP Request: POST http://test/api/auth/login "HTTP/1.1 200 OK"
2026-08-22 09:41:26 | INFO     | app.services.employee_service | Employee created  employee_id=EMP-0012  user_id=22  email=emp-a447e8a6@hrms-test.com
2026-08-22 09:41:26 | INFO     | app.middleware.request_id | POST /api/employees → 201  (182.8ms)  request_id=291438cd-f37b-4f14-ab93-c46fdcbc28e7
2026-08-22 09:41:26 | INFO     | httpx | HTTP Request: POST http://test/api/employees "HTTP/1.1 201 Created"
2026-08-22 09:41:26 | INFO     | app.services.auth_service | User authenticated  user_id=22  login_id=EMP-0012  role=UserRole.EMPLOYEE
2026-08-22 09:41:26 | INFO     | app.middleware.request_id | POST /api/auth/login → 200  (172.6ms)  request_id=17eeb4f6-ab34-4879-9b31-88abfcc93666
2026-08-22 09:41:26 | INFO     | httpx | HTTP Request: POST http://test/api/auth/login "HTTP/1.1 200 OK"
2026-08-22 09:41:26 | INFO     | app.services.leave_service | Leave request created  employee_id=12  leave_id=3  type=LeaveType.PAID  dates=2027-12-01→2027-12-05
2026-08-22 09:41:26 | INFO     | app.middleware.request_id | POST /api/leave → 201  (9.3ms)  request_id=66743f50-5117-4517-ae67-353e1a4b02d2
2026-08-22 09:41:26 | INFO     | httpx | HTTP Request: POST http://test/api/leave "HTTP/1.1 201 Created"
2026-08-22 09:41:26 | INFO     | app.services.leave_service | Leave request decided  leave_id=3  status=LeaveStatus.APPROVED  admin_id=21
2026-08-22 09:41:26 | INFO     | app.middleware.request_id | PATCH /api/leave/3/decide → 200  (4.0ms)  request_id=bf5bac3c-112d-4ad2-b038-8e1bc5253366
2026-08-22 09:41:26 | INFO     | httpx | HTTP Request: PATCH http://test/api/leave/3/decide "HTTP/1.1 200 OK"
2026-08-22 09:41:27 | ERROR    | sqlalchemy.pool.impl.AsyncAdaptedQueuePool | Exception terminating connection <AdaptedConnection <asyncpg.connection.Connection object at 0x76e23ebfb3e0>>
Traceback (most recent call last):
  File "/home/chinmay/projects/nitte_hack/backend/.venv/lib/python3.12/site-packages/sqlalchemy/pool/base.py", line 373, in _close_connection
    self._dialect.do_terminate(connection)
  File "/home/chinmay/projects/nitte_hack/backend/.venv/lib/python3.12/site-packages/sqlalchemy/dialects/postgresql/asyncpg.py", line 1127, in do_terminate
    dbapi_connection.terminate()
  File "/home/chinmay/projects/nitte_hack/backend/.venv/lib/python3.12/site-packages/sqlalchemy/connectors/asyncio.py", line 402, in terminate
    self.await_(asyncio.shield(self._terminate_graceful_close()))  # type: ignore[attr-defined] # noqa: E501
    ^^^^^^^^^^^^^^^^^^^^^^^^^^^^^^^^^^^^^^^^^^^^^^^^^^^^^^^^^^^^^
  File "/home/chinmay/projects/nitte_hack/backend/.venv/lib/python3.12/site-packages/sqlalchemy/util/_concurrency_py3k.py", line 132, in await_only
    return current.parent.switch(awaitable)  # type: ignore[no-any-return,attr-defined] # noqa: E501
           ^^^^^^^^^^^^^^^^^^^^^^^^^^^^^^^^
  File "/home/chinmay/projects/nitte_hack/backend/.venv/lib/python3.12/site-packages/sqlalchemy/util/_concurrency_py3k.py", line 196, in greenlet_spawn
    value = await result
            ^^^^^^^^^^^^
  File "/home/chinmay/projects/nitte_hack/backend/.venv/lib/python3.12/site-packages/sqlalchemy/dialects/postgresql/asyncpg.py", line 912, in _terminate_graceful_close
    await self._connection.close(timeout=2)
  File "/home/chinmay/projects/nitte_hack/backend/.venv/lib/python3.12/site-packages/asyncpg/connection.py", line 1513, in close
    await self._protocol.close(timeout)
  File "asyncpg/protocol/protocol.pyx", line 617, in close
  File "asyncpg/protocol/protocol.pyx", line 650, in asyncpg.protocol.protocol.BaseProtocol._request_cancel
  File "/home/chinmay/projects/nitte_hack/backend/.venv/lib/python3.12/site-packages/asyncpg/connection.py", line 1682, in _cancel_current_command
    self._cancellations.add(self._loop.create_task(self._cancel(waiter)))
                            ^^^^^^^^^^^^^^^^^^^^^^^^^^^^^^^^^^^^^^^^^^^^
  File "/usr/lib/python3.12/asyncio/base_events.py", line 456, in create_task
    self._check_closed()
  File "/usr/lib/python3.12/asyncio/base_events.py", line 541, in _check_closed
    raise RuntimeError('Event loop is closed')
RuntimeError: Event loop is closed
2026-08-22 09:41:27 | INFO     | app.services.auth_service | User authenticated  user_id=23  login_id=ADMIN-TEST-968dc8c8  role=UserRole.ADMIN
2026-08-22 09:41:27 | INFO     | app.middleware.request_id | POST /api/auth/login → 200  (172.0ms)  request_id=2c850de0-ec7a-40cf-a1d0-151c03ac4ad6
2026-08-22 09:41:27 | INFO     | httpx | HTTP Request: POST http://test/api/auth/login "HTTP/1.1 200 OK"
2026-08-22 09:41:27 | INFO     | app.services.employee_service | Employee created  employee_id=EMP-0013  user_id=24  email=emp-697c011a@hrms-test.com
2026-08-22 09:41:27 | INFO     | app.middleware.request_id | POST /api/employees → 201  (178.1ms)  request_id=8bc54a3a-39f8-40b1-bed9-b3a568e3a242
2026-08-22 09:41:27 | INFO     | httpx | HTTP Request: POST http://test/api/employees "HTTP/1.1 201 Created"
2026-08-22 09:41:27 | INFO     | app.services.auth_service | User authenticated  user_id=24  login_id=EMP-0013  role=UserRole.EMPLOYEE
2026-08-22 09:41:27 | INFO     | app.middleware.request_id | POST /api/auth/login → 200  (176.6ms)  request_id=ef5d8b5f-1a4e-4268-b633-524144d7359b
2026-08-22 09:41:27 | INFO     | httpx | HTTP Request: POST http://test/api/auth/login "HTTP/1.1 200 OK"
2026-08-22 09:41:27 | INFO     | app.services.leave_service | Leave request created  employee_id=13  leave_id=4  type=LeaveType.PAID  dates=2028-03-01→2028-03-03
2026-08-22 09:41:27 | INFO     | app.middleware.request_id | POST /api/leave → 201  (8.9ms)  request_id=f88cefcf-31db-443d-b25a-69d3958e591a
2026-08-22 09:41:27 | INFO     | httpx | HTTP Request: POST http://test/api/leave "HTTP/1.1 201 Created"
2026-08-22 09:41:27 | INFO     | app.services.leave_service | Leave request decided  leave_id=4  status=LeaveStatus.APPROVED  admin_id=23
2026-08-22 09:41:27 | INFO     | app.middleware.request_id | PATCH /api/leave/4/decide → 200  (3.2ms)  request_id=9b6d3029-cb95-49a1-a6de-12554182a29b
2026-08-22 09:41:27 | INFO     | httpx | HTTP Request: PATCH http://test/api/leave/4/decide "HTTP/1.1 200 OK"
2026-08-22 09:41:27 | INFO     | app.middleware.request_id | PATCH /api/leave/4/decide → 409  (1.4ms)  request_id=d3215424-fc1b-41f6-8732-a6c7e41a1f2b
2026-08-22 09:41:27 | INFO     | httpx | HTTP Request: PATCH http://test/api/leave/4/decide "HTTP/1.1 409 Conflict"
2026-08-22 09:41:28 | ERROR    | sqlalchemy.pool.impl.AsyncAdaptedQueuePool | Exception terminating connection <AdaptedConnection <asyncpg.connection.Connection object at 0x76e23d13c7d0>>
Traceback (most recent call last):
  File "/home/chinmay/projects/nitte_hack/backend/.venv/lib/python3.12/site-packages/sqlalchemy/pool/base.py", line 373, in _close_connection
    self._dialect.do_terminate(connection)
  File "/home/chinmay/projects/nitte_hack/backend/.venv/lib/python3.12/site-packages/sqlalchemy/dialects/postgresql/asyncpg.py", line 1127, in do_terminate
    dbapi_connection.terminate()
  File "/home/chinmay/projects/nitte_hack/backend/.venv/lib/python3.12/site-packages/sqlalchemy/connectors/asyncio.py", line 402, in terminate
    self.await_(asyncio.shield(self._terminate_graceful_close()))  # type: ignore[attr-defined] # noqa: E501
    ^^^^^^^^^^^^^^^^^^^^^^^^^^^^^^^^^^^^^^^^^^^^^^^^^^^^^^^^^^^^^
  File "/home/chinmay/projects/nitte_hack/backend/.venv/lib/python3.12/site-packages/sqlalchemy/util/_concurrency_py3k.py", line 132, in await_only
    return current.parent.switch(awaitable)  # type: ignore[no-any-return,attr-defined] # noqa: E501
           ^^^^^^^^^^^^^^^^^^^^^^^^^^^^^^^^
  File "/home/chinmay/projects/nitte_hack/backend/.venv/lib/python3.12/site-packages/sqlalchemy/util/_concurrency_py3k.py", line 196, in greenlet_spawn
    value = await result
            ^^^^^^^^^^^^
  File "/home/chinmay/projects/nitte_hack/backend/.venv/lib/python3.12/site-packages/sqlalchemy/dialects/postgresql/asyncpg.py", line 912, in _terminate_graceful_close
    await self._connection.close(timeout=2)
  File "/home/chinmay/projects/nitte_hack/backend/.venv/lib/python3.12/site-packages/asyncpg/connection.py", line 1513, in close
    await self._protocol.close(timeout)
  File "asyncpg/protocol/protocol.pyx", line 617, in close
  File "asyncpg/protocol/protocol.pyx", line 650, in asyncpg.protocol.protocol.BaseProtocol._request_cancel
  File "/home/chinmay/projects/nitte_hack/backend/.venv/lib/python3.12/site-packages/asyncpg/connection.py", line 1682, in _cancel_current_command
    self._cancellations.add(self._loop.create_task(self._cancel(waiter)))
                            ^^^^^^^^^^^^^^^^^^^^^^^^^^^^^^^^^^^^^^^^^^^^
  File "/usr/lib/python3.12/asyncio/base_events.py", line 456, in create_task
    self._check_closed()
  File "/usr/lib/python3.12/asyncio/base_events.py", line 541, in _check_closed
    raise RuntimeError('Event loop is closed')
RuntimeError: Event loop is closed
2026-08-22 09:41:28 | INFO     | app.services.auth_service | User authenticated  user_id=25  login_id=ADMIN-TEST-4db65162  role=UserRole.ADMIN
2026-08-22 09:41:28 | INFO     | app.middleware.request_id | POST /api/auth/login → 200  (172.8ms)  request_id=68f39c7c-fb6c-45a1-8444-f950e9f0f557
2026-08-22 09:41:28 | INFO     | httpx | HTTP Request: POST http://test/api/auth/login "HTTP/1.1 200 OK"
2026-08-22 09:41:28 | INFO     | app.services.employee_service | Employee created  employee_id=EMP-0014  user_id=26  email=emp-76cf9ae3@hrms-test.com
2026-08-22 09:41:28 | INFO     | app.middleware.request_id | POST /api/employees → 201  (182.3ms)  request_id=94c509dd-fbe3-4f51-909e-48a4f39dab98
2026-08-22 09:41:28 | INFO     | httpx | HTTP Request: POST http://test/api/employees "HTTP/1.1 201 Created"
2026-08-22 09:41:29 | INFO     | app.services.auth_service | User authenticated  user_id=26  login_id=EMP-0014  role=UserRole.EMPLOYEE
2026-08-22 09:41:29 | INFO     | app.middleware.request_id | POST /api/auth/login → 200  (170.3ms)  request_id=507265cf-76e3-4ec9-93c4-f7a3653e1440
2026-08-22 09:41:29 | INFO     | httpx | HTTP Request: POST http://test/api/auth/login "HTTP/1.1 200 OK"
2026-08-22 09:41:29 | INFO     | app.services.employee_service | Employee created  employee_id=EMP-0015  user_id=27  email=b-b069d8@t.com
2026-08-22 09:41:29 | INFO     | app.middleware.request_id | POST /api/employees → 201  (176.4ms)  request_id=d5028b70-a617-407b-980f-ca94f7fb9266
2026-08-22 09:41:29 | INFO     | httpx | HTTP Request: POST http://test/api/employees "HTTP/1.1 201 Created"
2026-08-22 09:41:29 | INFO     | app.services.auth_service | User authenticated  user_id=27  login_id=EMP-0015  role=UserRole.EMPLOYEE
2026-08-22 09:41:29 | INFO     | app.middleware.request_id | POST /api/auth/login → 200  (170.0ms)  request_id=d7c92235-9067-44f1-9f28-fd31fa1b60ff
2026-08-22 09:41:29 | INFO     | httpx | HTTP Request: POST http://test/api/auth/login "HTTP/1.1 200 OK"
2026-08-22 09:41:29 | INFO     | app.services.leave_service | Leave request created  employee_id=15  leave_id=5  type=LeaveType.PAID  dates=2028-07-01→2028-07-03
2026-08-22 09:41:29 | INFO     | app.middleware.request_id | POST /api/leave → 201  (9.1ms)  request_id=246e78d6-8026-4f9a-a0e5-a586bf47765c
2026-08-22 09:41:29 | INFO     | httpx | HTTP Request: POST http://test/api/leave "HTTP/1.1 201 Created"
2026-08-22 09:41:29 | INFO     | app.middleware.request_id | GET /api/leave/5 → 403  (1.9ms)  request_id=51fb37e3-915a-4279-83d9-700a41b5a180
2026-08-22 09:41:29 | INFO     | httpx | HTTP Request: GET http://test/api/leave/5 "HTTP/1.1 403 Forbidden"
2026-08-22 09:41:29 | ERROR    | sqlalchemy.pool.impl.AsyncAdaptedQueuePool | Exception terminating connection <AdaptedConnection <asyncpg.connection.Connection object at 0x76e23d13de50>>
Traceback (most recent call last):
  File "/home/chinmay/projects/nitte_hack/backend/.venv/lib/python3.12/site-packages/sqlalchemy/pool/base.py", line 373, in _close_connection
    self._dialect.do_terminate(connection)
  File "/home/chinmay/projects/nitte_hack/backend/.venv/lib/python3.12/site-packages/sqlalchemy/dialects/postgresql/asyncpg.py", line 1127, in do_terminate
    dbapi_connection.terminate()
  File "/home/chinmay/projects/nitte_hack/backend/.venv/lib/python3.12/site-packages/sqlalchemy/connectors/asyncio.py", line 402, in terminate
    self.await_(asyncio.shield(self._terminate_graceful_close()))  # type: ignore[attr-defined] # noqa: E501
    ^^^^^^^^^^^^^^^^^^^^^^^^^^^^^^^^^^^^^^^^^^^^^^^^^^^^^^^^^^^^^
  File "/home/chinmay/projects/nitte_hack/backend/.venv/lib/python3.12/site-packages/sqlalchemy/util/_concurrency_py3k.py", line 132, in await_only
    return current.parent.switch(awaitable)  # type: ignore[no-any-return,attr-defined] # noqa: E501
           ^^^^^^^^^^^^^^^^^^^^^^^^^^^^^^^^
  File "/home/chinmay/projects/nitte_hack/backend/.venv/lib/python3.12/site-packages/sqlalchemy/util/_concurrency_py3k.py", line 196, in greenlet_spawn
    value = await result
            ^^^^^^^^^^^^
  File "/home/chinmay/projects/nitte_hack/backend/.venv/lib/python3.12/site-packages/sqlalchemy/dialects/postgresql/asyncpg.py", line 912, in _terminate_graceful_close
    await self._connection.close(timeout=2)
  File "/home/chinmay/projects/nitte_hack/backend/.venv/lib/python3.12/site-packages/asyncpg/connection.py", line 1513, in close
    await self._protocol.close(timeout)
  File "asyncpg/protocol/protocol.pyx", line 617, in close
  File "asyncpg/protocol/protocol.pyx", line 650, in asyncpg.protocol.protocol.BaseProtocol._request_cancel
  File "/home/chinmay/projects/nitte_hack/backend/.venv/lib/python3.12/site-packages/asyncpg/connection.py", line 1682, in _cancel_current_command
    self._cancellations.add(self._loop.create_task(self._cancel(waiter)))
                            ^^^^^^^^^^^^^^^^^^^^^^^^^^^^^^^^^^^^^^^^^^^^
  File "/usr/lib/python3.12/asyncio/base_events.py", line 456, in create_task
    self._check_closed()
  File "/usr/lib/python3.12/asyncio/base_events.py", line 541, in _check_closed
    raise RuntimeError('Event loop is closed')
RuntimeError: Event loop is closed
2026-08-22 09:41:30 | INFO     | app.services.auth_service | User authenticated  user_id=28  login_id=ADMIN-TEST-d00f47d9  role=UserRole.ADMIN
2026-08-22 09:41:30 | INFO     | app.middleware.request_id | POST /api/auth/login → 200  (177.3ms)  request_id=8af54262-e942-42cd-830b-a479696d61a0
2026-08-22 09:41:30 | INFO     | httpx | HTTP Request: POST http://test/api/auth/login "HTTP/1.1 200 OK"
2026-08-22 09:41:30 | INFO     | app.services.employee_service | Employee created  employee_id=EMP-0016  user_id=29  email=emp-64d6694f@hrms-test.com
2026-08-22 09:41:30 | INFO     | app.middleware.request_id | POST /api/employees → 201  (176.5ms)  request_id=9f1c5e50-2254-404e-9130-cf045102825d
2026-08-22 09:41:30 | INFO     | httpx | HTTP Request: POST http://test/api/employees "HTTP/1.1 201 Created"
2026-08-22 09:41:30 | INFO     | app.services.payroll_service | Salary structure created  employee_id=16
2026-08-22 09:41:30 | INFO     | app.middleware.request_id | POST /api/payroll/16 → 201  (5.7ms)  request_id=2afae7d8-6bea-400b-9b56-3b87a3573bef
2026-08-22 09:41:30 | INFO     | httpx | HTTP Request: POST http://test/api/payroll/16 "HTTP/1.1 201 Created"
2026-08-22 09:41:30 | ERROR    | sqlalchemy.pool.impl.AsyncAdaptedQueuePool | Exception terminating connection <AdaptedConnection <asyncpg.connection.Connection object at 0x76e23d116030>>
Traceback (most recent call last):
  File "/home/chinmay/projects/nitte_hack/backend/.venv/lib/python3.12/site-packages/sqlalchemy/pool/base.py", line 373, in _close_connection
    self._dialect.do_terminate(connection)
  File "/home/chinmay/projects/nitte_hack/backend/.venv/lib/python3.12/site-packages/sqlalchemy/dialects/postgresql/asyncpg.py", line 1127, in do_terminate
    dbapi_connection.terminate()
  File "/home/chinmay/projects/nitte_hack/backend/.venv/lib/python3.12/site-packages/sqlalchemy/connectors/asyncio.py", line 402, in terminate
    self.await_(asyncio.shield(self._terminate_graceful_close()))  # type: ignore[attr-defined] # noqa: E501
    ^^^^^^^^^^^^^^^^^^^^^^^^^^^^^^^^^^^^^^^^^^^^^^^^^^^^^^^^^^^^^
  File "/home/chinmay/projects/nitte_hack/backend/.venv/lib/python3.12/site-packages/sqlalchemy/util/_concurrency_py3k.py", line 132, in await_only
    return current.parent.switch(awaitable)  # type: ignore[no-any-return,attr-defined] # noqa: E501
           ^^^^^^^^^^^^^^^^^^^^^^^^^^^^^^^^
  File "/home/chinmay/projects/nitte_hack/backend/.venv/lib/python3.12/site-packages/sqlalchemy/util/_concurrency_py3k.py", line 196, in greenlet_spawn
    value = await result
            ^^^^^^^^^^^^
  File "/home/chinmay/projects/nitte_hack/backend/.venv/lib/python3.12/site-packages/sqlalchemy/dialects/postgresql/asyncpg.py", line 912, in _terminate_graceful_close
    await self._connection.close(timeout=2)
  File "/home/chinmay/projects/nitte_hack/backend/.venv/lib/python3.12/site-packages/asyncpg/connection.py", line 1513, in close
    await self._protocol.close(timeout)
  File "asyncpg/protocol/protocol.pyx", line 617, in close
  File "asyncpg/protocol/protocol.pyx", line 650, in asyncpg.protocol.protocol.BaseProtocol._request_cancel
  File "/home/chinmay/projects/nitte_hack/backend/.venv/lib/python3.12/site-packages/asyncpg/connection.py", line 1682, in _cancel_current_command
    self._cancellations.add(self._loop.create_task(self._cancel(waiter)))
                            ^^^^^^^^^^^^^^^^^^^^^^^^^^^^^^^^^^^^^^^^^^^^
  File "/usr/lib/python3.12/asyncio/base_events.py", line 456, in create_task
    self._check_closed()
  File "/usr/lib/python3.12/asyncio/base_events.py", line 541, in _check_closed
    raise RuntimeError('Event loop is closed')
RuntimeError: Event loop is closed
2026-08-22 09:41:31 | INFO     | app.services.auth_service | User authenticated  user_id=30  login_id=ADMIN-TEST-ec7fffe1  role=UserRole.ADMIN
2026-08-22 09:41:31 | INFO     | app.middleware.request_id | POST /api/auth/login → 200  (174.1ms)  request_id=f62acd1d-785d-42d3-a0f9-607fcf1d11d6
2026-08-22 09:41:31 | INFO     | httpx | HTTP Request: POST http://test/api/auth/login "HTTP/1.1 200 OK"
2026-08-22 09:41:31 | INFO     | app.services.employee_service | Employee created  employee_id=EMP-0017  user_id=31  email=emp-c8f94f88@hrms-test.com
2026-08-22 09:41:31 | INFO     | app.middleware.request_id | POST /api/employees → 201  (178.0ms)  request_id=c749a183-c571-4b77-8aa8-dfb03d70079f
2026-08-22 09:41:31 | INFO     | httpx | HTTP Request: POST http://test/api/employees "HTTP/1.1 201 Created"
2026-08-22 09:41:31 | INFO     | app.services.auth_service | User authenticated  user_id=31  login_id=EMP-0017  role=UserRole.EMPLOYEE
2026-08-22 09:41:31 | INFO     | app.middleware.request_id | POST /api/auth/login → 200  (172.3ms)  request_id=e7cc5c60-03d3-44fe-af15-f04a09522c6a
2026-08-22 09:41:31 | INFO     | httpx | HTTP Request: POST http://test/api/auth/login "HTTP/1.1 200 OK"
2026-08-22 09:41:31 | INFO     | app.services.payroll_service | Salary structure created  employee_id=17
2026-08-22 09:41:31 | INFO     | app.middleware.request_id | POST /api/payroll/17 → 201  (7.5ms)  request_id=bb473e9b-4209-4ace-b35a-fec6d10780c2
2026-08-22 09:41:31 | INFO     | httpx | HTTP Request: POST http://test/api/payroll/17 "HTTP/1.1 201 Created"
2026-08-22 09:41:31 | INFO     | app.middleware.request_id | GET /api/payroll/me → 200  (2.1ms)  request_id=4fdbeda6-a02c-48b8-8b2b-027b99b0421c
2026-08-22 09:41:31 | INFO     | httpx | HTTP Request: GET http://test/api/payroll/me "HTTP/1.1 200 OK"
2026-08-22 09:41:31 | INFO     | app.middleware.request_id | POST /api/payroll/17 → 403  (1.5ms)  request_id=7cfdf9cd-e417-4d28-94e0-178e1cd71ba4
2026-08-22 09:41:31 | INFO     | httpx | HTTP Request: POST http://test/api/payroll/17 "HTTP/1.1 403 Forbidden"
2026-08-22 09:41:31 | INFO     | app.middleware.request_id | PATCH /api/payroll/17 → 403  (1.5ms)  request_id=ee1d5d17-fd7d-4c4a-a0bd-9458785fe4a3
2026-08-22 09:41:31 | INFO     | httpx | HTTP Request: PATCH http://test/api/payroll/17 "HTTP/1.1 403 Forbidden"
2026-08-22 09:41:31 | ERROR    | sqlalchemy.pool.impl.AsyncAdaptedQueuePool | Exception terminating connection <AdaptedConnection <asyncpg.connection.Connection object at 0x76e23e9e6f30>>
Traceback (most recent call last):
  File "/home/chinmay/projects/nitte_hack/backend/.venv/lib/python3.12/site-packages/sqlalchemy/pool/base.py", line 373, in _close_connection
    self._dialect.do_terminate(connection)
  File "/home/chinmay/projects/nitte_hack/backend/.venv/lib/python3.12/site-packages/sqlalchemy/dialects/postgresql/asyncpg.py", line 1127, in do_terminate
    dbapi_connection.terminate()
  File "/home/chinmay/projects/nitte_hack/backend/.venv/lib/python3.12/site-packages/sqlalchemy/connectors/asyncio.py", line 402, in terminate
    self.await_(asyncio.shield(self._terminate_graceful_close()))  # type: ignore[attr-defined] # noqa: E501
    ^^^^^^^^^^^^^^^^^^^^^^^^^^^^^^^^^^^^^^^^^^^^^^^^^^^^^^^^^^^^^
  File "/home/chinmay/projects/nitte_hack/backend/.venv/lib/python3.12/site-packages/sqlalchemy/util/_concurrency_py3k.py", line 132, in await_only
    return current.parent.switch(awaitable)  # type: ignore[no-any-return,attr-defined] # noqa: E501
           ^^^^^^^^^^^^^^^^^^^^^^^^^^^^^^^^
  File "/home/chinmay/projects/nitte_hack/backend/.venv/lib/python3.12/site-packages/sqlalchemy/util/_concurrency_py3k.py", line 196, in greenlet_spawn
    value = await result
            ^^^^^^^^^^^^
  File "/home/chinmay/projects/nitte_hack/backend/.venv/lib/python3.12/site-packages/sqlalchemy/dialects/postgresql/asyncpg.py", line 912, in _terminate_graceful_close
    await self._connection.close(timeout=2)
  File "/home/chinmay/projects/nitte_hack/backend/.venv/lib/python3.12/site-packages/asyncpg/connection.py", line 1513, in close
    await self._protocol.close(timeout)
  File "asyncpg/protocol/protocol.pyx", line 617, in close
  File "asyncpg/protocol/protocol.pyx", line 650, in asyncpg.protocol.protocol.BaseProtocol._request_cancel
  File "/home/chinmay/projects/nitte_hack/backend/.venv/lib/python3.12/site-packages/asyncpg/connection.py", line 1682, in _cancel_current_command
    self._cancellations.add(self._loop.create_task(self._cancel(waiter)))
                            ^^^^^^^^^^^^^^^^^^^^^^^^^^^^^^^^^^^^^^^^^^^^
  File "/usr/lib/python3.12/asyncio/base_events.py", line 456, in create_task
    self._check_closed()
  File "/usr/lib/python3.12/asyncio/base_events.py", line 541, in _check_closed
    raise RuntimeError('Event loop is closed')
RuntimeError: Event loop is closed
2026-08-22 09:41:51 | INFO     | app.main | Dayflow HRMS started  version=0.1.0
2026-08-22 09:42:01 | INFO     | app.main | Dayflow HRMS started  version=0.1.0
2026-08-22 09:42:02 | INFO     | app.services.auth_service | User authenticated  user_id=32  login_id=ADMIN-TEST-f1e23e3f  role=UserRole.ADMIN
2026-08-22 09:42:02 | INFO     | app.middleware.request_id | POST /api/auth/login → 200  (203.7ms)  request_id=bd8bd77c-5ef2-4d5e-ba69-27428adac53f
2026-08-22 09:42:02 | INFO     | httpx | HTTP Request: POST http://test/api/auth/login "HTTP/1.1 200 OK"
2026-08-22 09:42:02 | INFO     | app.services.employee_service | Employee created  employee_id=EMP-0018  user_id=33  email=emp-e7a03307@hrms-test.com
2026-08-22 09:42:02 | INFO     | app.middleware.request_id | POST /api/employees → 201  (188.6ms)  request_id=c835e396-38f5-4de3-9911-d1a32875e16f
2026-08-22 09:42:02 | INFO     | httpx | HTTP Request: POST http://test/api/employees "HTTP/1.1 201 Created"
2026-08-22 09:42:02 | INFO     | app.services.auth_service | User authenticated  user_id=33  login_id=EMP-0018  role=UserRole.EMPLOYEE
2026-08-22 09:42:02 | INFO     | app.middleware.request_id | POST /api/auth/login → 200  (173.1ms)  request_id=d09e4807-9bbb-4f4f-ad59-5edd3a10f924
2026-08-22 09:42:02 | INFO     | httpx | HTTP Request: POST http://test/api/auth/login "HTTP/1.1 200 OK"
2026-08-22 09:42:02 | INFO     | app.services.attendance_service | Check-in recorded  employee_id=18  time=2026-08-22T04:12:02.739567+00:00
2026-08-22 09:42:02 | INFO     | app.middleware.request_id | POST /api/attendance/check-in → 201  (12.6ms)  request_id=f3a8b418-c693-4a01-84d5-693df991387b
2026-08-22 09:42:02 | INFO     | httpx | HTTP Request: POST http://test/api/attendance/check-in "HTTP/1.1 201 Created"
2026-08-22 09:42:02 | ERROR    | sqlalchemy.pool.impl.AsyncAdaptedQueuePool | Exception terminating connection <AdaptedConnection <asyncpg.connection.Connection object at 0x7372e26cb200>>
Traceback (most recent call last):
  File "/home/chinmay/projects/nitte_hack/backend/.venv/lib/python3.12/site-packages/sqlalchemy/pool/base.py", line 373, in _close_connection
    self._dialect.do_terminate(connection)
  File "/home/chinmay/projects/nitte_hack/backend/.venv/lib/python3.12/site-packages/sqlalchemy/dialects/postgresql/asyncpg.py", line 1127, in do_terminate
    dbapi_connection.terminate()
  File "/home/chinmay/projects/nitte_hack/backend/.venv/lib/python3.12/site-packages/sqlalchemy/connectors/asyncio.py", line 402, in terminate
    self.await_(asyncio.shield(self._terminate_graceful_close()))  # type: ignore[attr-defined] # noqa: E501
    ^^^^^^^^^^^^^^^^^^^^^^^^^^^^^^^^^^^^^^^^^^^^^^^^^^^^^^^^^^^^^
  File "/home/chinmay/projects/nitte_hack/backend/.venv/lib/python3.12/site-packages/sqlalchemy/util/_concurrency_py3k.py", line 132, in await_only
    return current.parent.switch(awaitable)  # type: ignore[no-any-return,attr-defined] # noqa: E501
           ^^^^^^^^^^^^^^^^^^^^^^^^^^^^^^^^
  File "/home/chinmay/projects/nitte_hack/backend/.venv/lib/python3.12/site-packages/sqlalchemy/util/_concurrency_py3k.py", line 196, in greenlet_spawn
    value = await result
            ^^^^^^^^^^^^
  File "/home/chinmay/projects/nitte_hack/backend/.venv/lib/python3.12/site-packages/sqlalchemy/dialects/postgresql/asyncpg.py", line 912, in _terminate_graceful_close
    await self._connection.close(timeout=2)
  File "/home/chinmay/projects/nitte_hack/backend/.venv/lib/python3.12/site-packages/asyncpg/connection.py", line 1513, in close
    await self._protocol.close(timeout)
  File "asyncpg/protocol/protocol.pyx", line 617, in close
  File "asyncpg/protocol/protocol.pyx", line 650, in asyncpg.protocol.protocol.BaseProtocol._request_cancel
  File "/home/chinmay/projects/nitte_hack/backend/.venv/lib/python3.12/site-packages/asyncpg/connection.py", line 1682, in _cancel_current_command
    self._cancellations.add(self._loop.create_task(self._cancel(waiter)))
                            ^^^^^^^^^^^^^^^^^^^^^^^^^^^^^^^^^^^^^^^^^^^^
  File "/usr/lib/python3.12/asyncio/base_events.py", line 456, in create_task
    self._check_closed()
  File "/usr/lib/python3.12/asyncio/base_events.py", line 541, in _check_closed
    raise RuntimeError('Event loop is closed')
RuntimeError: Event loop is closed
2026-08-22 09:42:02 | ERROR    | app.main | Unhandled exception  method=POST  path=/api/auth/login  request_id=c5d5fb12-51dc-470d-8595-aa4a6dfd4ade
Traceback (most recent call last):
  File "/home/chinmay/projects/nitte_hack/backend/.venv/lib/python3.12/site-packages/starlette/middleware/errors.py", line 164, in __call__
    await self.app(scope, receive, _send)
  File "/home/chinmay/projects/nitte_hack/backend/.venv/lib/python3.12/site-packages/starlette/middleware/cors.py", line 88, in __call__
    await self.app(scope, receive, send)
  File "/home/chinmay/projects/nitte_hack/backend/.venv/lib/python3.12/site-packages/starlette/middleware/base.py", line 191, in __call__
    with recv_stream, send_stream, collapse_excgroups():
  File "/usr/lib/python3.12/contextlib.py", line 158, in __exit__
    self.gen.throw(value)
  File "/home/chinmay/projects/nitte_hack/backend/.venv/lib/python3.12/site-packages/starlette/_utils.py", line 87, in collapse_excgroups
    raise exc
  File "/home/chinmay/projects/nitte_hack/backend/.venv/lib/python3.12/site-packages/starlette/middleware/base.py", line 193, in __call__
    response = await self.dispatch_func(request, call_next)
               ^^^^^^^^^^^^^^^^^^^^^^^^^^^^^^^^^^^^^^^^^^^^
  File "/home/chinmay/projects/nitte_hack/backend/app/middleware/request_id.py", line 26, in dispatch
    response: Response = await call_next(request)
                         ^^^^^^^^^^^^^^^^^^^^^^^^
  File "/home/chinmay/projects/nitte_hack/backend/.venv/lib/python3.12/site-packages/starlette/middleware/base.py", line 168, in call_next
    raise app_exc from app_exc.__cause__ or app_exc.__context__
  File "/home/chinmay/projects/nitte_hack/backend/.venv/lib/python3.12/site-packages/starlette/middleware/base.py", line 144, in coro
    await self.app(scope, receive_or_disconnect, send_no_error)
  File "/home/chinmay/projects/nitte_hack/backend/.venv/lib/python3.12/site-packages/starlette/middleware/exceptions.py", line 63, in __call__
    await wrap_app_handling_exceptions(self.app, conn)(scope, receive, send)
  File "/home/chinmay/projects/nitte_hack/backend/.venv/lib/python3.12/site-packages/starlette/_exception_handler.py", line 53, in wrapped_app
    raise exc
  File "/home/chinmay/projects/nitte_hack/backend/.venv/lib/python3.12/site-packages/starlette/_exception_handler.py", line 42, in wrapped_app
    await app(scope, receive, sender)
  File "/home/chinmay/projects/nitte_hack/backend/.venv/lib/python3.12/site-packages/fastapi/middleware/asyncexitstack.py", line 18, in __call__
    await self.app(scope, receive, send)
  File "/home/chinmay/projects/nitte_hack/backend/.venv/lib/python3.12/site-packages/starlette/routing.py", line 660, in __call__
    await self.middleware_stack(scope, receive, send)
  File "/home/chinmay/projects/nitte_hack/backend/.venv/lib/python3.12/site-packages/starlette/routing.py", line 680, in app
    await route.handle(scope, receive, send)
  File "/home/chinmay/projects/nitte_hack/backend/.venv/lib/python3.12/site-packages/starlette/routing.py", line 276, in handle
    await self.app(scope, receive, send)
  File "/home/chinmay/projects/nitte_hack/backend/.venv/lib/python3.12/site-packages/fastapi/routing.py", line 134, in app
    await wrap_app_handling_exceptions(app, request)(scope, receive, send)
  File "/home/chinmay/projects/nitte_hack/backend/.venv/lib/python3.12/site-packages/starlette/_exception_handler.py", line 53, in wrapped_app
    raise exc
  File "/home/chinmay/projects/nitte_hack/backend/.venv/lib/python3.12/site-packages/starlette/_exception_handler.py", line 42, in wrapped_app
    await app(scope, receive, sender)
  File "/home/chinmay/projects/nitte_hack/backend/.venv/lib/python3.12/site-packages/fastapi/routing.py", line 120, in app
    response = await f(request)
               ^^^^^^^^^^^^^^^^
  File "/home/chinmay/projects/nitte_hack/backend/.venv/lib/python3.12/site-packages/fastapi/routing.py", line 674, in app
    raw_response = await run_endpoint_function(
                   ^^^^^^^^^^^^^^^^^^^^^^^^^^^^
  File "/home/chinmay/projects/nitte_hack/backend/.venv/lib/python3.12/site-packages/fastapi/routing.py", line 328, in run_endpoint_function
    return await dependant.call(**values)
           ^^^^^^^^^^^^^^^^^^^^^^^^^^^^^^
  File "/home/chinmay/projects/nitte_hack/backend/app/api/auth.py", line 29, in login
    return await auth_service.authenticate_user(db, credentials.login_id, credentials.password)
           ^^^^^^^^^^^^^^^^^^^^^^^^^^^^^^^^^^^^^^^^^^^^^^^^^^^^^^^^^^^^^^^^^^^^^^^^^^^^^^^^^^^^
  File "/home/chinmay/projects/nitte_hack/backend/app/services/auth_service.py", line 27, in authenticate_user
    result = await db.execute(
             ^^^^^^^^^^^^^^^^^
  File "/home/chinmay/projects/nitte_hack/backend/.venv/lib/python3.12/site-packages/sqlalchemy/ext/asyncio/session.py", line 449, in execute
    result = await greenlet_spawn(
             ^^^^^^^^^^^^^^^^^^^^^
  File "/home/chinmay/projects/nitte_hack/backend/.venv/lib/python3.12/site-packages/sqlalchemy/util/_concurrency_py3k.py", line 201, in greenlet_spawn
    result = context.throw(*sys.exc_info())
             ^^^^^^^^^^^^^^^^^^^^^^^^^^^^^^
  File "/home/chinmay/projects/nitte_hack/backend/.venv/lib/python3.12/site-packages/sqlalchemy/orm/session.py", line 2351, in execute
    return self._execute_internal(
           ^^^^^^^^^^^^^^^^^^^^^^^
  File "/home/chinmay/projects/nitte_hack/backend/.venv/lib/python3.12/site-packages/sqlalchemy/orm/session.py", line 2239, in _execute_internal
    conn = self._connection_for_bind(bind)
           ^^^^^^^^^^^^^^^^^^^^^^^^^^^^^^^
  File "/home/chinmay/projects/nitte_hack/backend/.venv/lib/python3.12/site-packages/sqlalchemy/orm/session.py", line 2108, in _connection_for_bind
    return trans._connection_for_bind(engine, execution_options)
           ^^^^^^^^^^^^^^^^^^^^^^^^^^^^^^^^^^^^^^^^^^^^^^^^^^^^^
  File "<string>", line 2, in _connection_for_bind
  File "/home/chinmay/projects/nitte_hack/backend/.venv/lib/python3.12/site-packages/sqlalchemy/orm/state_changes.py", line 137, in _go
    ret_value = fn(self, *arg, **kw)
                ^^^^^^^^^^^^^^^^^^^^
  File "/home/chinmay/projects/nitte_hack/backend/.venv/lib/python3.12/site-packages/sqlalchemy/orm/session.py", line 1187, in _connection_for_bind
    conn = bind.connect()
           ^^^^^^^^^^^^^^
  File "/home/chinmay/projects/nitte_hack/backend/.venv/lib/python3.12/site-packages/sqlalchemy/engine/base.py", line 3293, in connect
    return self._connection_cls(self)
           ^^^^^^^^^^^^^^^^^^^^^^^^^^
  File "/home/chinmay/projects/nitte_hack/backend/.venv/lib/python3.12/site-packages/sqlalchemy/engine/base.py", line 143, in __init__
    self._dbapi_connection = engine.raw_connection()
                             ^^^^^^^^^^^^^^^^^^^^^^^
  File "/home/chinmay/projects/nitte_hack/backend/.venv/lib/python3.12/site-packages/sqlalchemy/engine/base.py", line 3317, in raw_connection
    return self.pool.connect()
           ^^^^^^^^^^^^^^^^^^^
  File "/home/chinmay/projects/nitte_hack/backend/.venv/lib/python3.12/site-packages/sqlalchemy/pool/base.py", line 448, in connect
    return _ConnectionFairy._checkout(self)
           ^^^^^^^^^^^^^^^^^^^^^^^^^^^^^^^^
  File "/home/chinmay/projects/nitte_hack/backend/.venv/lib/python3.12/site-packages/sqlalchemy/pool/base.py", line 1371, in _checkout
    with util.safe_reraise():
  File "/home/chinmay/projects/nitte_hack/backend/.venv/lib/python3.12/site-packages/sqlalchemy/util/langhelpers.py", line 121, in __exit__
    raise exc_value.with_traceback(exc_tb)
  File "/home/chinmay/projects/nitte_hack/backend/.venv/lib/python3.12/site-packages/sqlalchemy/pool/base.py", line 1309, in _checkout
    result = pool._dialect._do_ping_w_event(
             ^^^^^^^^^^^^^^^^^^^^^^^^^^^^^^^
  File "/home/chinmay/projects/nitte_hack/backend/.venv/lib/python3.12/site-packages/sqlalchemy/engine/default.py", line 729, in _do_ping_w_event
    return self.do_ping(dbapi_connection)
           ^^^^^^^^^^^^^^^^^^^^^^^^^^^^^^
  File "/home/chinmay/projects/nitte_hack/backend/.venv/lib/python3.12/site-packages/sqlalchemy/dialects/postgresql/asyncpg.py", line 1160, in do_ping
    dbapi_connection.ping()
  File "/home/chinmay/projects/nitte_hack/backend/.venv/lib/python3.12/site-packages/sqlalchemy/dialects/postgresql/asyncpg.py", line 818, in ping
    self._handle_exception(error)
  File "/home/chinmay/projects/nitte_hack/backend/.venv/lib/python3.12/site-packages/sqlalchemy/dialects/postgresql/asyncpg.py", line 799, in _handle_exception
    raise error
  File "/home/chinmay/projects/nitte_hack/backend/.venv/lib/python3.12/site-packages/sqlalchemy/dialects/postgresql/asyncpg.py", line 816, in ping
    _ = self.await_(self._async_ping())
        ^^^^^^^^^^^^^^^^^^^^^^^^^^^^^^^
  File "/home/chinmay/projects/nitte_hack/backend/.venv/lib/python3.12/site-packages/sqlalchemy/util/_concurrency_py3k.py", line 132, in await_only
    return current.parent.switch(awaitable)  # type: ignore[no-any-return,attr-defined] # noqa: E501
           ^^^^^^^^^^^^^^^^^^^^^^^^^^^^^^^^
  File "/home/chinmay/projects/nitte_hack/backend/.venv/lib/python3.12/site-packages/sqlalchemy/util/_concurrency_py3k.py", line 196, in greenlet_spawn
    value = await result
            ^^^^^^^^^^^^
  File "/home/chinmay/projects/nitte_hack/backend/.venv/lib/python3.12/site-packages/sqlalchemy/dialects/postgresql/asyncpg.py", line 825, in _async_ping
    await tr.start()
  File "/home/chinmay/projects/nitte_hack/backend/.venv/lib/python3.12/site-packages/asyncpg/transaction.py", line 146, in start
    await self._connection.execute(query)
  File "/home/chinmay/projects/nitte_hack/backend/.venv/lib/python3.12/site-packages/asyncpg/connection.py", line 354, in execute
    result = await self._protocol.query(query, timeout)
             ^^^^^^^^^^^^^^^^^^^^^^^^^^^^^^^^^^^^^^^^^^
  File "asyncpg/protocol/protocol.pyx", line 369, in query
RuntimeError: Task <Task pending name='starlette.middleware.base.BaseHTTPMiddleware.__call__.<locals>.call_next.<locals>.coro' coro=<BaseHTTPMiddleware.__call__.<locals>.call_next.<locals>.coro() running at /home/chinmay/projects/nitte_hack/backend/.venv/lib/python3.12/site-packages/starlette/middleware/base.py:144> cb=[TaskGroup._spawn.<locals>.task_done() at /home/chinmay/projects/nitte_hack/backend/.venv/lib/python3.12/site-packages/anyio/_backends/_asyncio.py:821]> got Future <Future pending cb=[BaseProtocol._on_waiter_completed()]> attached to a different loop
2026-08-22 09:42:03 | INFO     | app.services.auth_service | User authenticated  user_id=35  login_id=ADMIN-TEST-90886bad  role=UserRole.ADMIN
2026-08-22 09:42:03 | INFO     | app.middleware.request_id | POST /api/auth/login → 200  (216.1ms)  request_id=5daf9a92-6d9c-48fa-bc59-241ed2ae3a0b
2026-08-22 09:42:03 | INFO     | httpx | HTTP Request: POST http://test/api/auth/login "HTTP/1.1 200 OK"
2026-08-22 09:42:03 | INFO     | app.services.employee_service | Employee created  employee_id=EMP-0019  user_id=36  email=nci-38bf37@t.com
2026-08-22 09:42:03 | INFO     | app.middleware.request_id | POST /api/employees → 201  (177.3ms)  request_id=02fae55e-209c-4893-afde-fe0e7f2648df
2026-08-22 09:42:03 | INFO     | httpx | HTTP Request: POST http://test/api/employees "HTTP/1.1 201 Created"
2026-08-22 09:42:04 | INFO     | app.services.auth_service | User authenticated  user_id=36  login_id=EMP-0019  role=UserRole.EMPLOYEE
2026-08-22 09:42:04 | INFO     | app.middleware.request_id | POST /api/auth/login → 200  (174.8ms)  request_id=605355fc-fbab-4fbf-9b87-810fae6f111b
2026-08-22 09:42:04 | INFO     | httpx | HTTP Request: POST http://test/api/auth/login "HTTP/1.1 200 OK"
2026-08-22 09:42:04 | INFO     | app.middleware.request_id | POST /api/attendance/check-out → 409  (4.6ms)  request_id=f324e3dc-2ccd-44bd-82c4-d270c34ef1f5
2026-08-22 09:42:04 | INFO     | httpx | HTTP Request: POST http://test/api/attendance/check-out "HTTP/1.1 409 Conflict"
2026-08-22 09:42:04 | ERROR    | sqlalchemy.pool.impl.AsyncAdaptedQueuePool | Exception terminating connection <AdaptedConnection <asyncpg.connection.Connection object at 0x7372e0bbda90>>
Traceback (most recent call last):
  File "/home/chinmay/projects/nitte_hack/backend/.venv/lib/python3.12/site-packages/sqlalchemy/pool/base.py", line 373, in _close_connection
    self._dialect.do_terminate(connection)
  File "/home/chinmay/projects/nitte_hack/backend/.venv/lib/python3.12/site-packages/sqlalchemy/dialects/postgresql/asyncpg.py", line 1127, in do_terminate
    dbapi_connection.terminate()
  File "/home/chinmay/projects/nitte_hack/backend/.venv/lib/python3.12/site-packages/sqlalchemy/connectors/asyncio.py", line 402, in terminate
    self.await_(asyncio.shield(self._terminate_graceful_close()))  # type: ignore[attr-defined] # noqa: E501
    ^^^^^^^^^^^^^^^^^^^^^^^^^^^^^^^^^^^^^^^^^^^^^^^^^^^^^^^^^^^^^
  File "/home/chinmay/projects/nitte_hack/backend/.venv/lib/python3.12/site-packages/sqlalchemy/util/_concurrency_py3k.py", line 132, in await_only
    return current.parent.switch(awaitable)  # type: ignore[no-any-return,attr-defined] # noqa: E501
           ^^^^^^^^^^^^^^^^^^^^^^^^^^^^^^^^
  File "/home/chinmay/projects/nitte_hack/backend/.venv/lib/python3.12/site-packages/sqlalchemy/util/_concurrency_py3k.py", line 196, in greenlet_spawn
    value = await result
            ^^^^^^^^^^^^
  File "/home/chinmay/projects/nitte_hack/backend/.venv/lib/python3.12/site-packages/sqlalchemy/dialects/postgresql/asyncpg.py", line 912, in _terminate_graceful_close
    await self._connection.close(timeout=2)
  File "/home/chinmay/projects/nitte_hack/backend/.venv/lib/python3.12/site-packages/asyncpg/connection.py", line 1513, in close
    await self._protocol.close(timeout)
  File "asyncpg/protocol/protocol.pyx", line 617, in close
  File "asyncpg/protocol/protocol.pyx", line 650, in asyncpg.protocol.protocol.BaseProtocol._request_cancel
  File "/home/chinmay/projects/nitte_hack/backend/.venv/lib/python3.12/site-packages/asyncpg/connection.py", line 1682, in _cancel_current_command
    self._cancellations.add(self._loop.create_task(self._cancel(waiter)))
                            ^^^^^^^^^^^^^^^^^^^^^^^^^^^^^^^^^^^^^^^^^^^^
  File "/usr/lib/python3.12/asyncio/base_events.py", line 456, in create_task
    self._check_closed()
  File "/usr/lib/python3.12/asyncio/base_events.py", line 541, in _check_closed
    raise RuntimeError('Event loop is closed')
RuntimeError: Event loop is closed
2026-08-22 09:42:04 | ERROR    | app.main | Unhandled exception  method=POST  path=/api/auth/login  request_id=85833b55-0fd5-49a2-99ee-6d539d66241f
Traceback (most recent call last):
  File "/home/chinmay/projects/nitte_hack/backend/.venv/lib/python3.12/site-packages/starlette/middleware/errors.py", line 164, in __call__
    await self.app(scope, receive, _send)
  File "/home/chinmay/projects/nitte_hack/backend/.venv/lib/python3.12/site-packages/starlette/middleware/cors.py", line 88, in __call__
    await self.app(scope, receive, send)
  File "/home/chinmay/projects/nitte_hack/backend/.venv/lib/python3.12/site-packages/starlette/middleware/base.py", line 191, in __call__
    with recv_stream, send_stream, collapse_excgroups():
  File "/usr/lib/python3.12/contextlib.py", line 158, in __exit__
    self.gen.throw(value)
  File "/home/chinmay/projects/nitte_hack/backend/.venv/lib/python3.12/site-packages/starlette/_utils.py", line 87, in collapse_excgroups
    raise exc
  File "/home/chinmay/projects/nitte_hack/backend/.venv/lib/python3.12/site-packages/starlette/middleware/base.py", line 193, in __call__
    response = await self.dispatch_func(request, call_next)
               ^^^^^^^^^^^^^^^^^^^^^^^^^^^^^^^^^^^^^^^^^^^^
  File "/home/chinmay/projects/nitte_hack/backend/app/middleware/request_id.py", line 26, in dispatch
    response: Response = await call_next(request)
                         ^^^^^^^^^^^^^^^^^^^^^^^^
  File "/home/chinmay/projects/nitte_hack/backend/.venv/lib/python3.12/site-packages/starlette/middleware/base.py", line 168, in call_next
    raise app_exc from app_exc.__cause__ or app_exc.__context__
  File "/home/chinmay/projects/nitte_hack/backend/.venv/lib/python3.12/site-packages/starlette/middleware/base.py", line 144, in coro
    await self.app(scope, receive_or_disconnect, send_no_error)
  File "/home/chinmay/projects/nitte_hack/backend/.venv/lib/python3.12/site-packages/starlette/middleware/exceptions.py", line 63, in __call__
    await wrap_app_handling_exceptions(self.app, conn)(scope, receive, send)
  File "/home/chinmay/projects/nitte_hack/backend/.venv/lib/python3.12/site-packages/starlette/_exception_handler.py", line 53, in wrapped_app
    raise exc
  File "/home/chinmay/projects/nitte_hack/backend/.venv/lib/python3.12/site-packages/starlette/_exception_handler.py", line 42, in wrapped_app
    await app(scope, receive, sender)
  File "/home/chinmay/projects/nitte_hack/backend/.venv/lib/python3.12/site-packages/fastapi/middleware/asyncexitstack.py", line 18, in __call__
    await self.app(scope, receive, send)
  File "/home/chinmay/projects/nitte_hack/backend/.venv/lib/python3.12/site-packages/starlette/routing.py", line 660, in __call__
    await self.middleware_stack(scope, receive, send)
  File "/home/chinmay/projects/nitte_hack/backend/.venv/lib/python3.12/site-packages/starlette/routing.py", line 680, in app
    await route.handle(scope, receive, send)
  File "/home/chinmay/projects/nitte_hack/backend/.venv/lib/python3.12/site-packages/starlette/routing.py", line 276, in handle
    await self.app(scope, receive, send)
  File "/home/chinmay/projects/nitte_hack/backend/.venv/lib/python3.12/site-packages/fastapi/routing.py", line 134, in app
    await wrap_app_handling_exceptions(app, request)(scope, receive, send)
  File "/home/chinmay/projects/nitte_hack/backend/.venv/lib/python3.12/site-packages/starlette/_exception_handler.py", line 53, in wrapped_app
    raise exc
  File "/home/chinmay/projects/nitte_hack/backend/.venv/lib/python3.12/site-packages/starlette/_exception_handler.py", line 42, in wrapped_app
    await app(scope, receive, sender)
  File "/home/chinmay/projects/nitte_hack/backend/.venv/lib/python3.12/site-packages/fastapi/routing.py", line 120, in app
    response = await f(request)
               ^^^^^^^^^^^^^^^^
  File "/home/chinmay/projects/nitte_hack/backend/.venv/lib/python3.12/site-packages/fastapi/routing.py", line 674, in app
    raw_response = await run_endpoint_function(
                   ^^^^^^^^^^^^^^^^^^^^^^^^^^^^
  File "/home/chinmay/projects/nitte_hack/backend/.venv/lib/python3.12/site-packages/fastapi/routing.py", line 328, in run_endpoint_function
    return await dependant.call(**values)
           ^^^^^^^^^^^^^^^^^^^^^^^^^^^^^^
  File "/home/chinmay/projects/nitte_hack/backend/app/api/auth.py", line 29, in login
    return await auth_service.authenticate_user(db, credentials.login_id, credentials.password)
           ^^^^^^^^^^^^^^^^^^^^^^^^^^^^^^^^^^^^^^^^^^^^^^^^^^^^^^^^^^^^^^^^^^^^^^^^^^^^^^^^^^^^
  File "/home/chinmay/projects/nitte_hack/backend/app/services/auth_service.py", line 27, in authenticate_user
    result = await db.execute(
             ^^^^^^^^^^^^^^^^^
  File "/home/chinmay/projects/nitte_hack/backend/.venv/lib/python3.12/site-packages/sqlalchemy/ext/asyncio/session.py", line 449, in execute
    result = await greenlet_spawn(
             ^^^^^^^^^^^^^^^^^^^^^
  File "/home/chinmay/projects/nitte_hack/backend/.venv/lib/python3.12/site-packages/sqlalchemy/util/_concurrency_py3k.py", line 201, in greenlet_spawn
    result = context.throw(*sys.exc_info())
             ^^^^^^^^^^^^^^^^^^^^^^^^^^^^^^
  File "/home/chinmay/projects/nitte_hack/backend/.venv/lib/python3.12/site-packages/sqlalchemy/orm/session.py", line 2351, in execute
    return self._execute_internal(
           ^^^^^^^^^^^^^^^^^^^^^^^
  File "/home/chinmay/projects/nitte_hack/backend/.venv/lib/python3.12/site-packages/sqlalchemy/orm/session.py", line 2239, in _execute_internal
    conn = self._connection_for_bind(bind)
           ^^^^^^^^^^^^^^^^^^^^^^^^^^^^^^^
  File "/home/chinmay/projects/nitte_hack/backend/.venv/lib/python3.12/site-packages/sqlalchemy/orm/session.py", line 2108, in _connection_for_bind
    return trans._connection_for_bind(engine, execution_options)
           ^^^^^^^^^^^^^^^^^^^^^^^^^^^^^^^^^^^^^^^^^^^^^^^^^^^^^
  File "<string>", line 2, in _connection_for_bind
  File "/home/chinmay/projects/nitte_hack/backend/.venv/lib/python3.12/site-packages/sqlalchemy/orm/state_changes.py", line 137, in _go
    ret_value = fn(self, *arg, **kw)
                ^^^^^^^^^^^^^^^^^^^^
  File "/home/chinmay/projects/nitte_hack/backend/.venv/lib/python3.12/site-packages/sqlalchemy/orm/session.py", line 1187, in _connection_for_bind
    conn = bind.connect()
           ^^^^^^^^^^^^^^
  File "/home/chinmay/projects/nitte_hack/backend/.venv/lib/python3.12/site-packages/sqlalchemy/engine/base.py", line 3293, in connect
    return self._connection_cls(self)
           ^^^^^^^^^^^^^^^^^^^^^^^^^^
  File "/home/chinmay/projects/nitte_hack/backend/.venv/lib/python3.12/site-packages/sqlalchemy/engine/base.py", line 143, in __init__
    self._dbapi_connection = engine.raw_connection()
                             ^^^^^^^^^^^^^^^^^^^^^^^
  File "/home/chinmay/projects/nitte_hack/backend/.venv/lib/python3.12/site-packages/sqlalchemy/engine/base.py", line 3317, in raw_connection
    return self.pool.connect()
           ^^^^^^^^^^^^^^^^^^^
  File "/home/chinmay/projects/nitte_hack/backend/.venv/lib/python3.12/site-packages/sqlalchemy/pool/base.py", line 448, in connect
    return _ConnectionFairy._checkout(self)
           ^^^^^^^^^^^^^^^^^^^^^^^^^^^^^^^^
  File "/home/chinmay/projects/nitte_hack/backend/.venv/lib/python3.12/site-packages/sqlalchemy/pool/base.py", line 1371, in _checkout
    with util.safe_reraise():
  File "/home/chinmay/projects/nitte_hack/backend/.venv/lib/python3.12/site-packages/sqlalchemy/util/langhelpers.py", line 121, in __exit__
    raise exc_value.with_traceback(exc_tb)
  File "/home/chinmay/projects/nitte_hack/backend/.venv/lib/python3.12/site-packages/sqlalchemy/pool/base.py", line 1309, in _checkout
    result = pool._dialect._do_ping_w_event(
             ^^^^^^^^^^^^^^^^^^^^^^^^^^^^^^^
  File "/home/chinmay/projects/nitte_hack/backend/.venv/lib/python3.12/site-packages/sqlalchemy/engine/default.py", line 729, in _do_ping_w_event
    return self.do_ping(dbapi_connection)
           ^^^^^^^^^^^^^^^^^^^^^^^^^^^^^^
  File "/home/chinmay/projects/nitte_hack/backend/.venv/lib/python3.12/site-packages/sqlalchemy/dialects/postgresql/asyncpg.py", line 1160, in do_ping
    dbapi_connection.ping()
  File "/home/chinmay/projects/nitte_hack/backend/.venv/lib/python3.12/site-packages/sqlalchemy/dialects/postgresql/asyncpg.py", line 818, in ping
    self._handle_exception(error)
  File "/home/chinmay/projects/nitte_hack/backend/.venv/lib/python3.12/site-packages/sqlalchemy/dialects/postgresql/asyncpg.py", line 799, in _handle_exception
    raise error
  File "/home/chinmay/projects/nitte_hack/backend/.venv/lib/python3.12/site-packages/sqlalchemy/dialects/postgresql/asyncpg.py", line 816, in ping
    _ = self.await_(self._async_ping())
        ^^^^^^^^^^^^^^^^^^^^^^^^^^^^^^^
  File "/home/chinmay/projects/nitte_hack/backend/.venv/lib/python3.12/site-packages/sqlalchemy/util/_concurrency_py3k.py", line 132, in await_only
    return current.parent.switch(awaitable)  # type: ignore[no-any-return,attr-defined] # noqa: E501
           ^^^^^^^^^^^^^^^^^^^^^^^^^^^^^^^^
  File "/home/chinmay/projects/nitte_hack/backend/.venv/lib/python3.12/site-packages/sqlalchemy/util/_concurrency_py3k.py", line 196, in greenlet_spawn
    value = await result
            ^^^^^^^^^^^^
  File "/home/chinmay/projects/nitte_hack/backend/.venv/lib/python3.12/site-packages/sqlalchemy/dialects/postgresql/asyncpg.py", line 825, in _async_ping
    await tr.start()
  File "/home/chinmay/projects/nitte_hack/backend/.venv/lib/python3.12/site-packages/asyncpg/transaction.py", line 146, in start
    await self._connection.execute(query)
  File "/home/chinmay/projects/nitte_hack/backend/.venv/lib/python3.12/site-packages/asyncpg/connection.py", line 354, in execute
    result = await self._protocol.query(query, timeout)
             ^^^^^^^^^^^^^^^^^^^^^^^^^^^^^^^^^^^^^^^^^^
  File "asyncpg/protocol/protocol.pyx", line 369, in query
RuntimeError: Task <Task pending name='starlette.middleware.base.BaseHTTPMiddleware.__call__.<locals>.call_next.<locals>.coro' coro=<BaseHTTPMiddleware.__call__.<locals>.call_next.<locals>.coro() running at /home/chinmay/projects/nitte_hack/backend/.venv/lib/python3.12/site-packages/starlette/middleware/base.py:144> cb=[TaskGroup._spawn.<locals>.task_done() at /home/chinmay/projects/nitte_hack/backend/.venv/lib/python3.12/site-packages/anyio/_backends/_asyncio.py:821]> got Future <Future pending cb=[BaseProtocol._on_waiter_completed()]> attached to a different loop
2026-08-22 09:42:04 | WARNING  | app.services.auth_service | Failed login attempt for identifier=GHOST-9999
2026-08-22 09:42:04 | INFO     | app.middleware.request_id | POST /api/auth/login → 401  (22.9ms)  request_id=4a21667a-91f8-49eb-a6d9-350a22195b02
2026-08-22 09:42:04 | INFO     | httpx | HTTP Request: POST http://test/api/auth/login "HTTP/1.1 401 Unauthorized"
2026-08-22 09:42:04 | INFO     | app.middleware.request_id | GET /api/employees → 401  (0.2ms)  request_id=93e1319a-7553-472e-9bc4-42fe63cb42af
2026-08-22 09:42:04 | INFO     | httpx | HTTP Request: GET http://test/api/employees "HTTP/1.1 401 Unauthorized"
2026-08-22 09:42:04 | INFO     | app.middleware.request_id | GET /api/employees → 401  (0.3ms)  request_id=7990701d-1d3e-4c18-ba44-b9f6e1b11759
2026-08-22 09:42:04 | INFO     | httpx | HTTP Request: GET http://test/api/employees "HTTP/1.1 401 Unauthorized"
2026-08-22 09:42:04 | ERROR    | sqlalchemy.pool.impl.AsyncAdaptedQueuePool | Exception terminating connection <AdaptedConnection <asyncpg.connection.Connection object at 0x7372e0bbc230>>
Traceback (most recent call last):
  File "/home/chinmay/projects/nitte_hack/backend/.venv/lib/python3.12/site-packages/sqlalchemy/pool/base.py", line 373, in _close_connection
    self._dialect.do_terminate(connection)
  File "/home/chinmay/projects/nitte_hack/backend/.venv/lib/python3.12/site-packages/sqlalchemy/dialects/postgresql/asyncpg.py", line 1127, in do_terminate
    dbapi_connection.terminate()
  File "/home/chinmay/projects/nitte_hack/backend/.venv/lib/python3.12/site-packages/sqlalchemy/connectors/asyncio.py", line 402, in terminate
    self.await_(asyncio.shield(self._terminate_graceful_close()))  # type: ignore[attr-defined] # noqa: E501
    ^^^^^^^^^^^^^^^^^^^^^^^^^^^^^^^^^^^^^^^^^^^^^^^^^^^^^^^^^^^^^
  File "/home/chinmay/projects/nitte_hack/backend/.venv/lib/python3.12/site-packages/sqlalchemy/util/_concurrency_py3k.py", line 132, in await_only
    return current.parent.switch(awaitable)  # type: ignore[no-any-return,attr-defined] # noqa: E501
           ^^^^^^^^^^^^^^^^^^^^^^^^^^^^^^^^
  File "/home/chinmay/projects/nitte_hack/backend/.venv/lib/python3.12/site-packages/sqlalchemy/util/_concurrency_py3k.py", line 196, in greenlet_spawn
    value = await result
            ^^^^^^^^^^^^
  File "/home/chinmay/projects/nitte_hack/backend/.venv/lib/python3.12/site-packages/sqlalchemy/dialects/postgresql/asyncpg.py", line 912, in _terminate_graceful_close
    await self._connection.close(timeout=2)
  File "/home/chinmay/projects/nitte_hack/backend/.venv/lib/python3.12/site-packages/asyncpg/connection.py", line 1513, in close
    await self._protocol.close(timeout)
  File "asyncpg/protocol/protocol.pyx", line 617, in close
  File "asyncpg/protocol/protocol.pyx", line 650, in asyncpg.protocol.protocol.BaseProtocol._request_cancel
  File "/home/chinmay/projects/nitte_hack/backend/.venv/lib/python3.12/site-packages/asyncpg/connection.py", line 1682, in _cancel_current_command
    self._cancellations.add(self._loop.create_task(self._cancel(waiter)))
                            ^^^^^^^^^^^^^^^^^^^^^^^^^^^^^^^^^^^^^^^^^^^^
  File "/usr/lib/python3.12/asyncio/base_events.py", line 456, in create_task
    self._check_closed()
  File "/usr/lib/python3.12/asyncio/base_events.py", line 541, in _check_closed
    raise RuntimeError('Event loop is closed')
RuntimeError: Event loop is closed
2026-08-22 09:42:04 | ERROR    | app.main | Unhandled exception  method=POST  path=/api/auth/login  request_id=e3655059-3491-4d29-96a0-373b8d36bb8c
Traceback (most recent call last):
  File "/home/chinmay/projects/nitte_hack/backend/.venv/lib/python3.12/site-packages/starlette/middleware/errors.py", line 164, in __call__
    await self.app(scope, receive, _send)
  File "/home/chinmay/projects/nitte_hack/backend/.venv/lib/python3.12/site-packages/starlette/middleware/cors.py", line 88, in __call__
    await self.app(scope, receive, send)
  File "/home/chinmay/projects/nitte_hack/backend/.venv/lib/python3.12/site-packages/starlette/middleware/base.py", line 191, in __call__
    with recv_stream, send_stream, collapse_excgroups():
  File "/usr/lib/python3.12/contextlib.py", line 158, in __exit__
    self.gen.throw(value)
  File "/home/chinmay/projects/nitte_hack/backend/.venv/lib/python3.12/site-packages/starlette/_utils.py", line 87, in collapse_excgroups
    raise exc
  File "/home/chinmay/projects/nitte_hack/backend/.venv/lib/python3.12/site-packages/starlette/middleware/base.py", line 193, in __call__
    response = await self.dispatch_func(request, call_next)
               ^^^^^^^^^^^^^^^^^^^^^^^^^^^^^^^^^^^^^^^^^^^^
  File "/home/chinmay/projects/nitte_hack/backend/app/middleware/request_id.py", line 26, in dispatch
    response: Response = await call_next(request)
                         ^^^^^^^^^^^^^^^^^^^^^^^^
  File "/home/chinmay/projects/nitte_hack/backend/.venv/lib/python3.12/site-packages/starlette/middleware/base.py", line 168, in call_next
    raise app_exc from app_exc.__cause__ or app_exc.__context__
  File "/home/chinmay/projects/nitte_hack/backend/.venv/lib/python3.12/site-packages/starlette/middleware/base.py", line 144, in coro
    await self.app(scope, receive_or_disconnect, send_no_error)
  File "/home/chinmay/projects/nitte_hack/backend/.venv/lib/python3.12/site-packages/starlette/middleware/exceptions.py", line 63, in __call__
    await wrap_app_handling_exceptions(self.app, conn)(scope, receive, send)
  File "/home/chinmay/projects/nitte_hack/backend/.venv/lib/python3.12/site-packages/starlette/_exception_handler.py", line 53, in wrapped_app
    raise exc
  File "/home/chinmay/projects/nitte_hack/backend/.venv/lib/python3.12/site-packages/starlette/_exception_handler.py", line 42, in wrapped_app
    await app(scope, receive, sender)
  File "/home/chinmay/projects/nitte_hack/backend/.venv/lib/python3.12/site-packages/fastapi/middleware/asyncexitstack.py", line 18, in __call__
    await self.app(scope, receive, send)
  File "/home/chinmay/projects/nitte_hack/backend/.venv/lib/python3.12/site-packages/starlette/routing.py", line 660, in __call__
    await self.middleware_stack(scope, receive, send)
  File "/home/chinmay/projects/nitte_hack/backend/.venv/lib/python3.12/site-packages/starlette/routing.py", line 680, in app
    await route.handle(scope, receive, send)
  File "/home/chinmay/projects/nitte_hack/backend/.venv/lib/python3.12/site-packages/starlette/routing.py", line 276, in handle
    await self.app(scope, receive, send)
  File "/home/chinmay/projects/nitte_hack/backend/.venv/lib/python3.12/site-packages/fastapi/routing.py", line 134, in app
    await wrap_app_handling_exceptions(app, request)(scope, receive, send)
  File "/home/chinmay/projects/nitte_hack/backend/.venv/lib/python3.12/site-packages/starlette/_exception_handler.py", line 53, in wrapped_app
    raise exc
  File "/home/chinmay/projects/nitte_hack/backend/.venv/lib/python3.12/site-packages/starlette/_exception_handler.py", line 42, in wrapped_app
    await app(scope, receive, sender)
  File "/home/chinmay/projects/nitte_hack/backend/.venv/lib/python3.12/site-packages/fastapi/routing.py", line 120, in app
    response = await f(request)
               ^^^^^^^^^^^^^^^^
  File "/home/chinmay/projects/nitte_hack/backend/.venv/lib/python3.12/site-packages/fastapi/routing.py", line 674, in app
    raw_response = await run_endpoint_function(
                   ^^^^^^^^^^^^^^^^^^^^^^^^^^^^
  File "/home/chinmay/projects/nitte_hack/backend/.venv/lib/python3.12/site-packages/fastapi/routing.py", line 328, in run_endpoint_function
    return await dependant.call(**values)
           ^^^^^^^^^^^^^^^^^^^^^^^^^^^^^^
  File "/home/chinmay/projects/nitte_hack/backend/app/api/auth.py", line 29, in login
    return await auth_service.authenticate_user(db, credentials.login_id, credentials.password)
           ^^^^^^^^^^^^^^^^^^^^^^^^^^^^^^^^^^^^^^^^^^^^^^^^^^^^^^^^^^^^^^^^^^^^^^^^^^^^^^^^^^^^
  File "/home/chinmay/projects/nitte_hack/backend/app/services/auth_service.py", line 27, in authenticate_user
    result = await db.execute(
             ^^^^^^^^^^^^^^^^^
  File "/home/chinmay/projects/nitte_hack/backend/.venv/lib/python3.12/site-packages/sqlalchemy/ext/asyncio/session.py", line 449, in execute
    result = await greenlet_spawn(
             ^^^^^^^^^^^^^^^^^^^^^
  File "/home/chinmay/projects/nitte_hack/backend/.venv/lib/python3.12/site-packages/sqlalchemy/util/_concurrency_py3k.py", line 201, in greenlet_spawn
    result = context.throw(*sys.exc_info())
             ^^^^^^^^^^^^^^^^^^^^^^^^^^^^^^
  File "/home/chinmay/projects/nitte_hack/backend/.venv/lib/python3.12/site-packages/sqlalchemy/orm/session.py", line 2351, in execute
    return self._execute_internal(
           ^^^^^^^^^^^^^^^^^^^^^^^
  File "/home/chinmay/projects/nitte_hack/backend/.venv/lib/python3.12/site-packages/sqlalchemy/orm/session.py", line 2239, in _execute_internal
    conn = self._connection_for_bind(bind)
           ^^^^^^^^^^^^^^^^^^^^^^^^^^^^^^^
  File "/home/chinmay/projects/nitte_hack/backend/.venv/lib/python3.12/site-packages/sqlalchemy/orm/session.py", line 2108, in _connection_for_bind
    return trans._connection_for_bind(engine, execution_options)
           ^^^^^^^^^^^^^^^^^^^^^^^^^^^^^^^^^^^^^^^^^^^^^^^^^^^^^
  File "<string>", line 2, in _connection_for_bind
  File "/home/chinmay/projects/nitte_hack/backend/.venv/lib/python3.12/site-packages/sqlalchemy/orm/state_changes.py", line 137, in _go
    ret_value = fn(self, *arg, **kw)
                ^^^^^^^^^^^^^^^^^^^^
  File "/home/chinmay/projects/nitte_hack/backend/.venv/lib/python3.12/site-packages/sqlalchemy/orm/session.py", line 1187, in _connection_for_bind
    conn = bind.connect()
           ^^^^^^^^^^^^^^
  File "/home/chinmay/projects/nitte_hack/backend/.venv/lib/python3.12/site-packages/sqlalchemy/engine/base.py", line 3293, in connect
    return self._connection_cls(self)
           ^^^^^^^^^^^^^^^^^^^^^^^^^^
  File "/home/chinmay/projects/nitte_hack/backend/.venv/lib/python3.12/site-packages/sqlalchemy/engine/base.py", line 143, in __init__
    self._dbapi_connection = engine.raw_connection()
                             ^^^^^^^^^^^^^^^^^^^^^^^
  File "/home/chinmay/projects/nitte_hack/backend/.venv/lib/python3.12/site-packages/sqlalchemy/engine/base.py", line 3317, in raw_connection
    return self.pool.connect()
           ^^^^^^^^^^^^^^^^^^^
  File "/home/chinmay/projects/nitte_hack/backend/.venv/lib/python3.12/site-packages/sqlalchemy/pool/base.py", line 448, in connect
    return _ConnectionFairy._checkout(self)
           ^^^^^^^^^^^^^^^^^^^^^^^^^^^^^^^^
  File "/home/chinmay/projects/nitte_hack/backend/.venv/lib/python3.12/site-packages/sqlalchemy/pool/base.py", line 1371, in _checkout
    with util.safe_reraise():
  File "/home/chinmay/projects/nitte_hack/backend/.venv/lib/python3.12/site-packages/sqlalchemy/util/langhelpers.py", line 121, in __exit__
    raise exc_value.with_traceback(exc_tb)
  File "/home/chinmay/projects/nitte_hack/backend/.venv/lib/python3.12/site-packages/sqlalchemy/pool/base.py", line 1309, in _checkout
    result = pool._dialect._do_ping_w_event(
             ^^^^^^^^^^^^^^^^^^^^^^^^^^^^^^^
  File "/home/chinmay/projects/nitte_hack/backend/.venv/lib/python3.12/site-packages/sqlalchemy/engine/default.py", line 729, in _do_ping_w_event
    return self.do_ping(dbapi_connection)
           ^^^^^^^^^^^^^^^^^^^^^^^^^^^^^^
  File "/home/chinmay/projects/nitte_hack/backend/.venv/lib/python3.12/site-packages/sqlalchemy/dialects/postgresql/asyncpg.py", line 1160, in do_ping
    dbapi_connection.ping()
  File "/home/chinmay/projects/nitte_hack/backend/.venv/lib/python3.12/site-packages/sqlalchemy/dialects/postgresql/asyncpg.py", line 818, in ping
    self._handle_exception(error)
  File "/home/chinmay/projects/nitte_hack/backend/.venv/lib/python3.12/site-packages/sqlalchemy/dialects/postgresql/asyncpg.py", line 799, in _handle_exception
    raise error
  File "/home/chinmay/projects/nitte_hack/backend/.venv/lib/python3.12/site-packages/sqlalchemy/dialects/postgresql/asyncpg.py", line 816, in ping
    _ = self.await_(self._async_ping())
        ^^^^^^^^^^^^^^^^^^^^^^^^^^^^^^^
  File "/home/chinmay/projects/nitte_hack/backend/.venv/lib/python3.12/site-packages/sqlalchemy/util/_concurrency_py3k.py", line 132, in await_only
    return current.parent.switch(awaitable)  # type: ignore[no-any-return,attr-defined] # noqa: E501
           ^^^^^^^^^^^^^^^^^^^^^^^^^^^^^^^^
  File "/home/chinmay/projects/nitte_hack/backend/.venv/lib/python3.12/site-packages/sqlalchemy/util/_concurrency_py3k.py", line 196, in greenlet_spawn
    value = await result
            ^^^^^^^^^^^^
  File "/home/chinmay/projects/nitte_hack/backend/.venv/lib/python3.12/site-packages/sqlalchemy/dialects/postgresql/asyncpg.py", line 825, in _async_ping
    await tr.start()
  File "/home/chinmay/projects/nitte_hack/backend/.venv/lib/python3.12/site-packages/asyncpg/transaction.py", line 146, in start
    await self._connection.execute(query)
  File "/home/chinmay/projects/nitte_hack/backend/.venv/lib/python3.12/site-packages/asyncpg/connection.py", line 354, in execute
    result = await self._protocol.query(query, timeout)
             ^^^^^^^^^^^^^^^^^^^^^^^^^^^^^^^^^^^^^^^^^^
  File "asyncpg/protocol/protocol.pyx", line 369, in query
RuntimeError: Task <Task pending name='starlette.middleware.base.BaseHTTPMiddleware.__call__.<locals>.call_next.<locals>.coro' coro=<BaseHTTPMiddleware.__call__.<locals>.call_next.<locals>.coro() running at /home/chinmay/projects/nitte_hack/backend/.venv/lib/python3.12/site-packages/starlette/middleware/base.py:144> cb=[TaskGroup._spawn.<locals>.task_done() at /home/chinmay/projects/nitte_hack/backend/.venv/lib/python3.12/site-packages/anyio/_backends/_asyncio.py:821]> got Future <Future pending cb=[BaseProtocol._on_waiter_completed()]> attached to a different loop
2026-08-22 09:42:05 | INFO     | app.services.auth_service | User authenticated  user_id=39  login_id=ADMIN-TEST-93ea547a  role=UserRole.ADMIN
2026-08-22 09:42:05 | INFO     | app.middleware.request_id | POST /api/auth/login → 200  (204.6ms)  request_id=84065643-81e4-4b87-a82e-66ff8bf62b9f
2026-08-22 09:42:05 | INFO     | httpx | HTTP Request: POST http://test/api/auth/login "HTTP/1.1 200 OK"
2026-08-22 09:42:05 | INFO     | app.services.employee_service | Employee created  employee_id=EMP-0020  user_id=40  email=emp-cd4e2d8c@hrms-test.com
2026-08-22 09:42:05 | INFO     | app.middleware.request_id | POST /api/employees → 201  (176.4ms)  request_id=8d2ae020-06a7-45a1-9553-78c786ae5a5e
2026-08-22 09:42:05 | INFO     | httpx | HTTP Request: POST http://test/api/employees "HTTP/1.1 201 Created"
2026-08-22 09:42:05 | INFO     | app.services.auth_service | User authenticated  user_id=40  login_id=EMP-0020  role=UserRole.EMPLOYEE
2026-08-22 09:42:05 | INFO     | app.middleware.request_id | POST /api/auth/login → 200  (169.4ms)  request_id=57e38cfb-c723-4979-a31a-7ed5ceda3017
2026-08-22 09:42:05 | INFO     | httpx | HTTP Request: POST http://test/api/auth/login "HTTP/1.1 200 OK"
2026-08-22 09:42:05 | INFO     | app.middleware.request_id | POST /api/auth/change-password → 409  (170.9ms)  request_id=b04ef6c7-ec9c-4791-ba10-a2c20dcfa3ba
2026-08-22 09:42:05 | INFO     | httpx | HTTP Request: POST http://test/api/auth/change-password "HTTP/1.1 409 Conflict"
2026-08-22 09:42:06 | ERROR    | sqlalchemy.pool.impl.AsyncAdaptedQueuePool | Exception terminating connection <AdaptedConnection <asyncpg.connection.Connection object at 0x7372e0b427b0>>
Traceback (most recent call last):
  File "/home/chinmay/projects/nitte_hack/backend/.venv/lib/python3.12/site-packages/sqlalchemy/pool/base.py", line 373, in _close_connection
    self._dialect.do_terminate(connection)
  File "/home/chinmay/projects/nitte_hack/backend/.venv/lib/python3.12/site-packages/sqlalchemy/dialects/postgresql/asyncpg.py", line 1127, in do_terminate
    dbapi_connection.terminate()
  File "/home/chinmay/projects/nitte_hack/backend/.venv/lib/python3.12/site-packages/sqlalchemy/connectors/asyncio.py", line 402, in terminate
    self.await_(asyncio.shield(self._terminate_graceful_close()))  # type: ignore[attr-defined] # noqa: E501
    ^^^^^^^^^^^^^^^^^^^^^^^^^^^^^^^^^^^^^^^^^^^^^^^^^^^^^^^^^^^^^
  File "/home/chinmay/projects/nitte_hack/backend/.venv/lib/python3.12/site-packages/sqlalchemy/util/_concurrency_py3k.py", line 132, in await_only
    return current.parent.switch(awaitable)  # type: ignore[no-any-return,attr-defined] # noqa: E501
           ^^^^^^^^^^^^^^^^^^^^^^^^^^^^^^^^
  File "/home/chinmay/projects/nitte_hack/backend/.venv/lib/python3.12/site-packages/sqlalchemy/util/_concurrency_py3k.py", line 196, in greenlet_spawn
    value = await result
            ^^^^^^^^^^^^
  File "/home/chinmay/projects/nitte_hack/backend/.venv/lib/python3.12/site-packages/sqlalchemy/dialects/postgresql/asyncpg.py", line 912, in _terminate_graceful_close
    await self._connection.close(timeout=2)
  File "/home/chinmay/projects/nitte_hack/backend/.venv/lib/python3.12/site-packages/asyncpg/connection.py", line 1513, in close
    await self._protocol.close(timeout)
  File "asyncpg/protocol/protocol.pyx", line 617, in close
  File "asyncpg/protocol/protocol.pyx", line 650, in asyncpg.protocol.protocol.BaseProtocol._request_cancel
  File "/home/chinmay/projects/nitte_hack/backend/.venv/lib/python3.12/site-packages/asyncpg/connection.py", line 1682, in _cancel_current_command
    self._cancellations.add(self._loop.create_task(self._cancel(waiter)))
                            ^^^^^^^^^^^^^^^^^^^^^^^^^^^^^^^^^^^^^^^^^^^^
  File "/usr/lib/python3.12/asyncio/base_events.py", line 456, in create_task
    self._check_closed()
  File "/usr/lib/python3.12/asyncio/base_events.py", line 541, in _check_closed
    raise RuntimeError('Event loop is closed')
RuntimeError: Event loop is closed
2026-08-22 09:42:06 | ERROR    | app.main | Unhandled exception  method=POST  path=/api/auth/login  request_id=3c3b00a2-4e77-434c-85a6-104a94f4939e
Traceback (most recent call last):
  File "/home/chinmay/projects/nitte_hack/backend/.venv/lib/python3.12/site-packages/starlette/middleware/errors.py", line 164, in __call__
    await self.app(scope, receive, _send)
  File "/home/chinmay/projects/nitte_hack/backend/.venv/lib/python3.12/site-packages/starlette/middleware/cors.py", line 88, in __call__
    await self.app(scope, receive, send)
  File "/home/chinmay/projects/nitte_hack/backend/.venv/lib/python3.12/site-packages/starlette/middleware/base.py", line 191, in __call__
    with recv_stream, send_stream, collapse_excgroups():
  File "/usr/lib/python3.12/contextlib.py", line 158, in __exit__
    self.gen.throw(value)
  File "/home/chinmay/projects/nitte_hack/backend/.venv/lib/python3.12/site-packages/starlette/_utils.py", line 87, in collapse_excgroups
    raise exc
  File "/home/chinmay/projects/nitte_hack/backend/.venv/lib/python3.12/site-packages/starlette/middleware/base.py", line 193, in __call__
    response = await self.dispatch_func(request, call_next)
               ^^^^^^^^^^^^^^^^^^^^^^^^^^^^^^^^^^^^^^^^^^^^
  File "/home/chinmay/projects/nitte_hack/backend/app/middleware/request_id.py", line 26, in dispatch
    response: Response = await call_next(request)
                         ^^^^^^^^^^^^^^^^^^^^^^^^
  File "/home/chinmay/projects/nitte_hack/backend/.venv/lib/python3.12/site-packages/starlette/middleware/base.py", line 168, in call_next
    raise app_exc from app_exc.__cause__ or app_exc.__context__
  File "/home/chinmay/projects/nitte_hack/backend/.venv/lib/python3.12/site-packages/starlette/middleware/base.py", line 144, in coro
    await self.app(scope, receive_or_disconnect, send_no_error)
  File "/home/chinmay/projects/nitte_hack/backend/.venv/lib/python3.12/site-packages/starlette/middleware/exceptions.py", line 63, in __call__
    await wrap_app_handling_exceptions(self.app, conn)(scope, receive, send)
  File "/home/chinmay/projects/nitte_hack/backend/.venv/lib/python3.12/site-packages/starlette/_exception_handler.py", line 53, in wrapped_app
    raise exc
  File "/home/chinmay/projects/nitte_hack/backend/.venv/lib/python3.12/site-packages/starlette/_exception_handler.py", line 42, in wrapped_app
    await app(scope, receive, sender)
  File "/home/chinmay/projects/nitte_hack/backend/.venv/lib/python3.12/site-packages/fastapi/middleware/asyncexitstack.py", line 18, in __call__
    await self.app(scope, receive, send)
  File "/home/chinmay/projects/nitte_hack/backend/.venv/lib/python3.12/site-packages/starlette/routing.py", line 660, in __call__
    await self.middleware_stack(scope, receive, send)
  File "/home/chinmay/projects/nitte_hack/backend/.venv/lib/python3.12/site-packages/starlette/routing.py", line 680, in app
    await route.handle(scope, receive, send)
  File "/home/chinmay/projects/nitte_hack/backend/.venv/lib/python3.12/site-packages/starlette/routing.py", line 276, in handle
    await self.app(scope, receive, send)
  File "/home/chinmay/projects/nitte_hack/backend/.venv/lib/python3.12/site-packages/fastapi/routing.py", line 134, in app
    await wrap_app_handling_exceptions(app, request)(scope, receive, send)
  File "/home/chinmay/projects/nitte_hack/backend/.venv/lib/python3.12/site-packages/starlette/_exception_handler.py", line 53, in wrapped_app
    raise exc
  File "/home/chinmay/projects/nitte_hack/backend/.venv/lib/python3.12/site-packages/starlette/_exception_handler.py", line 42, in wrapped_app
    await app(scope, receive, sender)
  File "/home/chinmay/projects/nitte_hack/backend/.venv/lib/python3.12/site-packages/fastapi/routing.py", line 120, in app
    response = await f(request)
               ^^^^^^^^^^^^^^^^
  File "/home/chinmay/projects/nitte_hack/backend/.venv/lib/python3.12/site-packages/fastapi/routing.py", line 674, in app
    raw_response = await run_endpoint_function(
                   ^^^^^^^^^^^^^^^^^^^^^^^^^^^^
  File "/home/chinmay/projects/nitte_hack/backend/.venv/lib/python3.12/site-packages/fastapi/routing.py", line 328, in run_endpoint_function
    return await dependant.call(**values)
           ^^^^^^^^^^^^^^^^^^^^^^^^^^^^^^
  File "/home/chinmay/projects/nitte_hack/backend/app/api/auth.py", line 29, in login
    return await auth_service.authenticate_user(db, credentials.login_id, credentials.password)
           ^^^^^^^^^^^^^^^^^^^^^^^^^^^^^^^^^^^^^^^^^^^^^^^^^^^^^^^^^^^^^^^^^^^^^^^^^^^^^^^^^^^^
  File "/home/chinmay/projects/nitte_hack/backend/app/services/auth_service.py", line 27, in authenticate_user
    result = await db.execute(
             ^^^^^^^^^^^^^^^^^
  File "/home/chinmay/projects/nitte_hack/backend/.venv/lib/python3.12/site-packages/sqlalchemy/ext/asyncio/session.py", line 449, in execute
    result = await greenlet_spawn(
             ^^^^^^^^^^^^^^^^^^^^^
  File "/home/chinmay/projects/nitte_hack/backend/.venv/lib/python3.12/site-packages/sqlalchemy/util/_concurrency_py3k.py", line 201, in greenlet_spawn
    result = context.throw(*sys.exc_info())
             ^^^^^^^^^^^^^^^^^^^^^^^^^^^^^^
  File "/home/chinmay/projects/nitte_hack/backend/.venv/lib/python3.12/site-packages/sqlalchemy/orm/session.py", line 2351, in execute
    return self._execute_internal(
           ^^^^^^^^^^^^^^^^^^^^^^^
  File "/home/chinmay/projects/nitte_hack/backend/.venv/lib/python3.12/site-packages/sqlalchemy/orm/session.py", line 2239, in _execute_internal
    conn = self._connection_for_bind(bind)
           ^^^^^^^^^^^^^^^^^^^^^^^^^^^^^^^
  File "/home/chinmay/projects/nitte_hack/backend/.venv/lib/python3.12/site-packages/sqlalchemy/orm/session.py", line 2108, in _connection_for_bind
    return trans._connection_for_bind(engine, execution_options)
           ^^^^^^^^^^^^^^^^^^^^^^^^^^^^^^^^^^^^^^^^^^^^^^^^^^^^^
  File "<string>", line 2, in _connection_for_bind
  File "/home/chinmay/projects/nitte_hack/backend/.venv/lib/python3.12/site-packages/sqlalchemy/orm/state_changes.py", line 137, in _go
    ret_value = fn(self, *arg, **kw)
                ^^^^^^^^^^^^^^^^^^^^
  File "/home/chinmay/projects/nitte_hack/backend/.venv/lib/python3.12/site-packages/sqlalchemy/orm/session.py", line 1187, in _connection_for_bind
    conn = bind.connect()
           ^^^^^^^^^^^^^^
  File "/home/chinmay/projects/nitte_hack/backend/.venv/lib/python3.12/site-packages/sqlalchemy/engine/base.py", line 3293, in connect
    return self._connection_cls(self)
           ^^^^^^^^^^^^^^^^^^^^^^^^^^
  File "/home/chinmay/projects/nitte_hack/backend/.venv/lib/python3.12/site-packages/sqlalchemy/engine/base.py", line 143, in __init__
    self._dbapi_connection = engine.raw_connection()
                             ^^^^^^^^^^^^^^^^^^^^^^^
  File "/home/chinmay/projects/nitte_hack/backend/.venv/lib/python3.12/site-packages/sqlalchemy/engine/base.py", line 3317, in raw_connection
    return self.pool.connect()
           ^^^^^^^^^^^^^^^^^^^
  File "/home/chinmay/projects/nitte_hack/backend/.venv/lib/python3.12/site-packages/sqlalchemy/pool/base.py", line 448, in connect
    return _ConnectionFairy._checkout(self)
           ^^^^^^^^^^^^^^^^^^^^^^^^^^^^^^^^
  File "/home/chinmay/projects/nitte_hack/backend/.venv/lib/python3.12/site-packages/sqlalchemy/pool/base.py", line 1371, in _checkout
    with util.safe_reraise():
  File "/home/chinmay/projects/nitte_hack/backend/.venv/lib/python3.12/site-packages/sqlalchemy/util/langhelpers.py", line 121, in __exit__
    raise exc_value.with_traceback(exc_tb)
  File "/home/chinmay/projects/nitte_hack/backend/.venv/lib/python3.12/site-packages/sqlalchemy/pool/base.py", line 1309, in _checkout
    result = pool._dialect._do_ping_w_event(
             ^^^^^^^^^^^^^^^^^^^^^^^^^^^^^^^
  File "/home/chinmay/projects/nitte_hack/backend/.venv/lib/python3.12/site-packages/sqlalchemy/engine/default.py", line 729, in _do_ping_w_event
    return self.do_ping(dbapi_connection)
           ^^^^^^^^^^^^^^^^^^^^^^^^^^^^^^
  File "/home/chinmay/projects/nitte_hack/backend/.venv/lib/python3.12/site-packages/sqlalchemy/dialects/postgresql/asyncpg.py", line 1160, in do_ping
    dbapi_connection.ping()
  File "/home/chinmay/projects/nitte_hack/backend/.venv/lib/python3.12/site-packages/sqlalchemy/dialects/postgresql/asyncpg.py", line 818, in ping
    self._handle_exception(error)
  File "/home/chinmay/projects/nitte_hack/backend/.venv/lib/python3.12/site-packages/sqlalchemy/dialects/postgresql/asyncpg.py", line 799, in _handle_exception
    raise error
  File "/home/chinmay/projects/nitte_hack/backend/.venv/lib/python3.12/site-packages/sqlalchemy/dialects/postgresql/asyncpg.py", line 816, in ping
    _ = self.await_(self._async_ping())
        ^^^^^^^^^^^^^^^^^^^^^^^^^^^^^^^
  File "/home/chinmay/projects/nitte_hack/backend/.venv/lib/python3.12/site-packages/sqlalchemy/util/_concurrency_py3k.py", line 132, in await_only
    return current.parent.switch(awaitable)  # type: ignore[no-any-return,attr-defined] # noqa: E501
           ^^^^^^^^^^^^^^^^^^^^^^^^^^^^^^^^
  File "/home/chinmay/projects/nitte_hack/backend/.venv/lib/python3.12/site-packages/sqlalchemy/util/_concurrency_py3k.py", line 196, in greenlet_spawn
    value = await result
            ^^^^^^^^^^^^
  File "/home/chinmay/projects/nitte_hack/backend/.venv/lib/python3.12/site-packages/sqlalchemy/dialects/postgresql/asyncpg.py", line 825, in _async_ping
    await tr.start()
  File "/home/chinmay/projects/nitte_hack/backend/.venv/lib/python3.12/site-packages/asyncpg/transaction.py", line 146, in start
    await self._connection.execute(query)
  File "/home/chinmay/projects/nitte_hack/backend/.venv/lib/python3.12/site-packages/asyncpg/connection.py", line 354, in execute
    result = await self._protocol.query(query, timeout)
             ^^^^^^^^^^^^^^^^^^^^^^^^^^^^^^^^^^^^^^^^^^
  File "asyncpg/protocol/protocol.pyx", line 369, in query
RuntimeError: Task <Task pending name='starlette.middleware.base.BaseHTTPMiddleware.__call__.<locals>.call_next.<locals>.coro' coro=<BaseHTTPMiddleware.__call__.<locals>.call_next.<locals>.coro() running at /home/chinmay/projects/nitte_hack/backend/.venv/lib/python3.12/site-packages/starlette/middleware/base.py:144> cb=[TaskGroup._spawn.<locals>.task_done() at /home/chinmay/projects/nitte_hack/backend/.venv/lib/python3.12/site-packages/anyio/_backends/_asyncio.py:821]> got Future <Future pending cb=[BaseProtocol._on_waiter_completed()]> attached to a different loop
2026-08-22 09:42:06 | INFO     | app.services.auth_service | User authenticated  user_id=42  login_id=ADMIN-TEST-af715c06  role=UserRole.ADMIN
2026-08-22 09:42:06 | INFO     | app.middleware.request_id | POST /api/auth/login → 200  (222.9ms)  request_id=db3f4e74-45d7-4942-bf41-623001fd6cba
2026-08-22 09:42:06 | INFO     | httpx | HTTP Request: POST http://test/api/auth/login "HTTP/1.1 200 OK"
2026-08-22 09:42:07 | INFO     | app.services.employee_service | Employee created  employee_id=EMP-0021  user_id=43  email=emp-9fcb61de@hrms-test.com
2026-08-22 09:42:07 | INFO     | app.middleware.request_id | POST /api/employees → 201  (179.6ms)  request_id=634eaeda-1aaf-445e-9859-c5bef9ca7bed
2026-08-22 09:42:07 | INFO     | httpx | HTTP Request: POST http://test/api/employees "HTTP/1.1 201 Created"
2026-08-22 09:42:07 | INFO     | app.services.auth_service | User authenticated  user_id=43  login_id=EMP-0021  role=UserRole.EMPLOYEE
2026-08-22 09:42:07 | INFO     | app.middleware.request_id | POST /api/auth/login → 200  (173.5ms)  request_id=93e3095c-6588-4f1e-9c71-b9f23833eeb7
2026-08-22 09:42:07 | INFO     | httpx | HTTP Request: POST http://test/api/auth/login "HTTP/1.1 200 OK"
2026-08-22 09:42:07 | INFO     | app.middleware.request_id | POST /api/employees → 403  (1.7ms)  request_id=90a69284-c0e0-4999-a99f-6573ae6a87e7
2026-08-22 09:42:07 | INFO     | httpx | HTTP Request: POST http://test/api/employees "HTTP/1.1 403 Forbidden"
2026-08-22 09:42:07 | ERROR    | sqlalchemy.pool.impl.AsyncAdaptedQueuePool | Exception terminating connection <AdaptedConnection <asyncpg.connection.Connection object at 0x7372e0bbc6e0>>
Traceback (most recent call last):
  File "/home/chinmay/projects/nitte_hack/backend/.venv/lib/python3.12/site-packages/sqlalchemy/pool/base.py", line 373, in _close_connection
    self._dialect.do_terminate(connection)
  File "/home/chinmay/projects/nitte_hack/backend/.venv/lib/python3.12/site-packages/sqlalchemy/dialects/postgresql/asyncpg.py", line 1127, in do_terminate
    dbapi_connection.terminate()
  File "/home/chinmay/projects/nitte_hack/backend/.venv/lib/python3.12/site-packages/sqlalchemy/connectors/asyncio.py", line 402, in terminate
    self.await_(asyncio.shield(self._terminate_graceful_close()))  # type: ignore[attr-defined] # noqa: E501
    ^^^^^^^^^^^^^^^^^^^^^^^^^^^^^^^^^^^^^^^^^^^^^^^^^^^^^^^^^^^^^
  File "/home/chinmay/projects/nitte_hack/backend/.venv/lib/python3.12/site-packages/sqlalchemy/util/_concurrency_py3k.py", line 132, in await_only
    return current.parent.switch(awaitable)  # type: ignore[no-any-return,attr-defined] # noqa: E501
           ^^^^^^^^^^^^^^^^^^^^^^^^^^^^^^^^
  File "/home/chinmay/projects/nitte_hack/backend/.venv/lib/python3.12/site-packages/sqlalchemy/util/_concurrency_py3k.py", line 196, in greenlet_spawn
    value = await result
            ^^^^^^^^^^^^
  File "/home/chinmay/projects/nitte_hack/backend/.venv/lib/python3.12/site-packages/sqlalchemy/dialects/postgresql/asyncpg.py", line 912, in _terminate_graceful_close
    await self._connection.close(timeout=2)
  File "/home/chinmay/projects/nitte_hack/backend/.venv/lib/python3.12/site-packages/asyncpg/connection.py", line 1513, in close
    await self._protocol.close(timeout)
  File "asyncpg/protocol/protocol.pyx", line 617, in close
  File "asyncpg/protocol/protocol.pyx", line 650, in asyncpg.protocol.protocol.BaseProtocol._request_cancel
  File "/home/chinmay/projects/nitte_hack/backend/.venv/lib/python3.12/site-packages/asyncpg/connection.py", line 1682, in _cancel_current_command
    self._cancellations.add(self._loop.create_task(self._cancel(waiter)))
                            ^^^^^^^^^^^^^^^^^^^^^^^^^^^^^^^^^^^^^^^^^^^^
  File "/usr/lib/python3.12/asyncio/base_events.py", line 456, in create_task
    self._check_closed()
  File "/usr/lib/python3.12/asyncio/base_events.py", line 541, in _check_closed
    raise RuntimeError('Event loop is closed')
RuntimeError: Event loop is closed
2026-08-22 09:42:07 | ERROR    | app.main | Unhandled exception  method=POST  path=/api/auth/login  request_id=a3e2e5b0-e4ab-4c77-a0d3-fe186c8d377e
Traceback (most recent call last):
  File "/home/chinmay/projects/nitte_hack/backend/.venv/lib/python3.12/site-packages/starlette/middleware/errors.py", line 164, in __call__
    await self.app(scope, receive, _send)
  File "/home/chinmay/projects/nitte_hack/backend/.venv/lib/python3.12/site-packages/starlette/middleware/cors.py", line 88, in __call__
    await self.app(scope, receive, send)
  File "/home/chinmay/projects/nitte_hack/backend/.venv/lib/python3.12/site-packages/starlette/middleware/base.py", line 191, in __call__
    with recv_stream, send_stream, collapse_excgroups():
  File "/usr/lib/python3.12/contextlib.py", line 158, in __exit__
    self.gen.throw(value)
  File "/home/chinmay/projects/nitte_hack/backend/.venv/lib/python3.12/site-packages/starlette/_utils.py", line 87, in collapse_excgroups
    raise exc
  File "/home/chinmay/projects/nitte_hack/backend/.venv/lib/python3.12/site-packages/starlette/middleware/base.py", line 193, in __call__
    response = await self.dispatch_func(request, call_next)
               ^^^^^^^^^^^^^^^^^^^^^^^^^^^^^^^^^^^^^^^^^^^^
  File "/home/chinmay/projects/nitte_hack/backend/app/middleware/request_id.py", line 26, in dispatch
    response: Response = await call_next(request)
                         ^^^^^^^^^^^^^^^^^^^^^^^^
  File "/home/chinmay/projects/nitte_hack/backend/.venv/lib/python3.12/site-packages/starlette/middleware/base.py", line 168, in call_next
    raise app_exc from app_exc.__cause__ or app_exc.__context__
  File "/home/chinmay/projects/nitte_hack/backend/.venv/lib/python3.12/site-packages/starlette/middleware/base.py", line 144, in coro
    await self.app(scope, receive_or_disconnect, send_no_error)
  File "/home/chinmay/projects/nitte_hack/backend/.venv/lib/python3.12/site-packages/starlette/middleware/exceptions.py", line 63, in __call__
    await wrap_app_handling_exceptions(self.app, conn)(scope, receive, send)
  File "/home/chinmay/projects/nitte_hack/backend/.venv/lib/python3.12/site-packages/starlette/_exception_handler.py", line 53, in wrapped_app
    raise exc
  File "/home/chinmay/projects/nitte_hack/backend/.venv/lib/python3.12/site-packages/starlette/_exception_handler.py", line 42, in wrapped_app
    await app(scope, receive, sender)
  File "/home/chinmay/projects/nitte_hack/backend/.venv/lib/python3.12/site-packages/fastapi/middleware/asyncexitstack.py", line 18, in __call__
    await self.app(scope, receive, send)
  File "/home/chinmay/projects/nitte_hack/backend/.venv/lib/python3.12/site-packages/starlette/routing.py", line 660, in __call__
    await self.middleware_stack(scope, receive, send)
  File "/home/chinmay/projects/nitte_hack/backend/.venv/lib/python3.12/site-packages/starlette/routing.py", line 680, in app
    await route.handle(scope, receive, send)
  File "/home/chinmay/projects/nitte_hack/backend/.venv/lib/python3.12/site-packages/starlette/routing.py", line 276, in handle
    await self.app(scope, receive, send)
  File "/home/chinmay/projects/nitte_hack/backend/.venv/lib/python3.12/site-packages/fastapi/routing.py", line 134, in app
    await wrap_app_handling_exceptions(app, request)(scope, receive, send)
  File "/home/chinmay/projects/nitte_hack/backend/.venv/lib/python3.12/site-packages/starlette/_exception_handler.py", line 53, in wrapped_app
    raise exc
  File "/home/chinmay/projects/nitte_hack/backend/.venv/lib/python3.12/site-packages/starlette/_exception_handler.py", line 42, in wrapped_app
    await app(scope, receive, sender)
  File "/home/chinmay/projects/nitte_hack/backend/.venv/lib/python3.12/site-packages/fastapi/routing.py", line 120, in app
    response = await f(request)
               ^^^^^^^^^^^^^^^^
  File "/home/chinmay/projects/nitte_hack/backend/.venv/lib/python3.12/site-packages/fastapi/routing.py", line 674, in app
    raw_response = await run_endpoint_function(
                   ^^^^^^^^^^^^^^^^^^^^^^^^^^^^
  File "/home/chinmay/projects/nitte_hack/backend/.venv/lib/python3.12/site-packages/fastapi/routing.py", line 328, in run_endpoint_function
    return await dependant.call(**values)
           ^^^^^^^^^^^^^^^^^^^^^^^^^^^^^^
  File "/home/chinmay/projects/nitte_hack/backend/app/api/auth.py", line 29, in login
    return await auth_service.authenticate_user(db, credentials.login_id, credentials.password)
           ^^^^^^^^^^^^^^^^^^^^^^^^^^^^^^^^^^^^^^^^^^^^^^^^^^^^^^^^^^^^^^^^^^^^^^^^^^^^^^^^^^^^
  File "/home/chinmay/projects/nitte_hack/backend/app/services/auth_service.py", line 27, in authenticate_user
    result = await db.execute(
             ^^^^^^^^^^^^^^^^^
  File "/home/chinmay/projects/nitte_hack/backend/.venv/lib/python3.12/site-packages/sqlalchemy/ext/asyncio/session.py", line 449, in execute
    result = await greenlet_spawn(
             ^^^^^^^^^^^^^^^^^^^^^
  File "/home/chinmay/projects/nitte_hack/backend/.venv/lib/python3.12/site-packages/sqlalchemy/util/_concurrency_py3k.py", line 201, in greenlet_spawn
    result = context.throw(*sys.exc_info())
             ^^^^^^^^^^^^^^^^^^^^^^^^^^^^^^
  File "/home/chinmay/projects/nitte_hack/backend/.venv/lib/python3.12/site-packages/sqlalchemy/orm/session.py", line 2351, in execute
    return self._execute_internal(
           ^^^^^^^^^^^^^^^^^^^^^^^
  File "/home/chinmay/projects/nitte_hack/backend/.venv/lib/python3.12/site-packages/sqlalchemy/orm/session.py", line 2239, in _execute_internal
    conn = self._connection_for_bind(bind)
           ^^^^^^^^^^^^^^^^^^^^^^^^^^^^^^^
  File "/home/chinmay/projects/nitte_hack/backend/.venv/lib/python3.12/site-packages/sqlalchemy/orm/session.py", line 2108, in _connection_for_bind
    return trans._connection_for_bind(engine, execution_options)
           ^^^^^^^^^^^^^^^^^^^^^^^^^^^^^^^^^^^^^^^^^^^^^^^^^^^^^
  File "<string>", line 2, in _connection_for_bind
  File "/home/chinmay/projects/nitte_hack/backend/.venv/lib/python3.12/site-packages/sqlalchemy/orm/state_changes.py", line 137, in _go
    ret_value = fn(self, *arg, **kw)
                ^^^^^^^^^^^^^^^^^^^^
  File "/home/chinmay/projects/nitte_hack/backend/.venv/lib/python3.12/site-packages/sqlalchemy/orm/session.py", line 1187, in _connection_for_bind
    conn = bind.connect()
           ^^^^^^^^^^^^^^
  File "/home/chinmay/projects/nitte_hack/backend/.venv/lib/python3.12/site-packages/sqlalchemy/engine/base.py", line 3293, in connect
    return self._connection_cls(self)
           ^^^^^^^^^^^^^^^^^^^^^^^^^^
  File "/home/chinmay/projects/nitte_hack/backend/.venv/lib/python3.12/site-packages/sqlalchemy/engine/base.py", line 143, in __init__
    self._dbapi_connection = engine.raw_connection()
                             ^^^^^^^^^^^^^^^^^^^^^^^
  File "/home/chinmay/projects/nitte_hack/backend/.venv/lib/python3.12/site-packages/sqlalchemy/engine/base.py", line 3317, in raw_connection
    return self.pool.connect()
           ^^^^^^^^^^^^^^^^^^^
  File "/home/chinmay/projects/nitte_hack/backend/.venv/lib/python3.12/site-packages/sqlalchemy/pool/base.py", line 448, in connect
    return _ConnectionFairy._checkout(self)
           ^^^^^^^^^^^^^^^^^^^^^^^^^^^^^^^^
  File "/home/chinmay/projects/nitte_hack/backend/.venv/lib/python3.12/site-packages/sqlalchemy/pool/base.py", line 1371, in _checkout
    with util.safe_reraise():
  File "/home/chinmay/projects/nitte_hack/backend/.venv/lib/python3.12/site-packages/sqlalchemy/util/langhelpers.py", line 121, in __exit__
    raise exc_value.with_traceback(exc_tb)
  File "/home/chinmay/projects/nitte_hack/backend/.venv/lib/python3.12/site-packages/sqlalchemy/pool/base.py", line 1309, in _checkout
    result = pool._dialect._do_ping_w_event(
             ^^^^^^^^^^^^^^^^^^^^^^^^^^^^^^^
  File "/home/chinmay/projects/nitte_hack/backend/.venv/lib/python3.12/site-packages/sqlalchemy/engine/default.py", line 729, in _do_ping_w_event
    return self.do_ping(dbapi_connection)
           ^^^^^^^^^^^^^^^^^^^^^^^^^^^^^^
  File "/home/chinmay/projects/nitte_hack/backend/.venv/lib/python3.12/site-packages/sqlalchemy/dialects/postgresql/asyncpg.py", line 1160, in do_ping
    dbapi_connection.ping()
  File "/home/chinmay/projects/nitte_hack/backend/.venv/lib/python3.12/site-packages/sqlalchemy/dialects/postgresql/asyncpg.py", line 818, in ping
    self._handle_exception(error)
  File "/home/chinmay/projects/nitte_hack/backend/.venv/lib/python3.12/site-packages/sqlalchemy/dialects/postgresql/asyncpg.py", line 799, in _handle_exception
    raise error
  File "/home/chinmay/projects/nitte_hack/backend/.venv/lib/python3.12/site-packages/sqlalchemy/dialects/postgresql/asyncpg.py", line 816, in ping
    _ = self.await_(self._async_ping())
        ^^^^^^^^^^^^^^^^^^^^^^^^^^^^^^^
  File "/home/chinmay/projects/nitte_hack/backend/.venv/lib/python3.12/site-packages/sqlalchemy/util/_concurrency_py3k.py", line 132, in await_only
    return current.parent.switch(awaitable)  # type: ignore[no-any-return,attr-defined] # noqa: E501
           ^^^^^^^^^^^^^^^^^^^^^^^^^^^^^^^^
  File "/home/chinmay/projects/nitte_hack/backend/.venv/lib/python3.12/site-packages/sqlalchemy/util/_concurrency_py3k.py", line 196, in greenlet_spawn
    value = await result
            ^^^^^^^^^^^^
  File "/home/chinmay/projects/nitte_hack/backend/.venv/lib/python3.12/site-packages/sqlalchemy/dialects/postgresql/asyncpg.py", line 825, in _async_ping
    await tr.start()
  File "/home/chinmay/projects/nitte_hack/backend/.venv/lib/python3.12/site-packages/asyncpg/transaction.py", line 146, in start
    await self._connection.execute(query)
  File "/home/chinmay/projects/nitte_hack/backend/.venv/lib/python3.12/site-packages/asyncpg/connection.py", line 354, in execute
    result = await self._protocol.query(query, timeout)
             ^^^^^^^^^^^^^^^^^^^^^^^^^^^^^^^^^^^^^^^^^^
  File "asyncpg/protocol/protocol.pyx", line 369, in query
RuntimeError: Task <Task pending name='starlette.middleware.base.BaseHTTPMiddleware.__call__.<locals>.call_next.<locals>.coro' coro=<BaseHTTPMiddleware.__call__.<locals>.call_next.<locals>.coro() running at /home/chinmay/projects/nitte_hack/backend/.venv/lib/python3.12/site-packages/starlette/middleware/base.py:144> cb=[TaskGroup._spawn.<locals>.task_done() at /home/chinmay/projects/nitte_hack/backend/.venv/lib/python3.12/site-packages/anyio/_backends/_asyncio.py:821]> got Future <Future pending cb=[BaseProtocol._on_waiter_completed()]> attached to a different loop
2026-08-22 09:42:08 | INFO     | app.services.auth_service | User authenticated  user_id=45  login_id=ADMIN-TEST-d8df61f1  role=UserRole.ADMIN
2026-08-22 09:42:08 | INFO     | app.middleware.request_id | POST /api/auth/login → 200  (194.6ms)  request_id=94fa242c-f314-432b-82a8-fae0ad7abfc1
2026-08-22 09:42:08 | INFO     | httpx | HTTP Request: POST http://test/api/auth/login "HTTP/1.1 200 OK"
2026-08-22 09:42:08 | INFO     | app.services.employee_service | Employee created  employee_id=EMP-0022  user_id=46  email=x1-296adb@t.com
2026-08-22 09:42:08 | INFO     | app.middleware.request_id | POST /api/employees → 201  (178.0ms)  request_id=7a1b81a0-717a-4c1f-9d65-0a261d701bb8
2026-08-22 09:42:08 | INFO     | httpx | HTTP Request: POST http://test/api/employees "HTTP/1.1 201 Created"
2026-08-22 09:42:08 | INFO     | app.services.employee_service | Employee created  employee_id=EMP-0023  user_id=47  email=x2-e985b6@t.com
2026-08-22 09:42:08 | INFO     | app.middleware.request_id | POST /api/employees → 201  (174.5ms)  request_id=5e7d718c-abc8-4812-b152-1c02efedcb9a
2026-08-22 09:42:08 | INFO     | httpx | HTTP Request: POST http://test/api/employees "HTTP/1.1 201 Created"
2026-08-22 09:42:08 | ERROR    | sqlalchemy.pool.impl.AsyncAdaptedQueuePool | Exception terminating connection <AdaptedConnection <asyncpg.connection.Connection object at 0x7372e26f5b80>>
Traceback (most recent call last):
  File "/home/chinmay/projects/nitte_hack/backend/.venv/lib/python3.12/site-packages/sqlalchemy/pool/base.py", line 373, in _close_connection
    self._dialect.do_terminate(connection)
  File "/home/chinmay/projects/nitte_hack/backend/.venv/lib/python3.12/site-packages/sqlalchemy/dialects/postgresql/asyncpg.py", line 1127, in do_terminate
    dbapi_connection.terminate()
  File "/home/chinmay/projects/nitte_hack/backend/.venv/lib/python3.12/site-packages/sqlalchemy/connectors/asyncio.py", line 402, in terminate
    self.await_(asyncio.shield(self._terminate_graceful_close()))  # type: ignore[attr-defined] # noqa: E501
    ^^^^^^^^^^^^^^^^^^^^^^^^^^^^^^^^^^^^^^^^^^^^^^^^^^^^^^^^^^^^^
  File "/home/chinmay/projects/nitte_hack/backend/.venv/lib/python3.12/site-packages/sqlalchemy/util/_concurrency_py3k.py", line 132, in await_only
    return current.parent.switch(awaitable)  # type: ignore[no-any-return,attr-defined] # noqa: E501
           ^^^^^^^^^^^^^^^^^^^^^^^^^^^^^^^^
  File "/home/chinmay/projects/nitte_hack/backend/.venv/lib/python3.12/site-packages/sqlalchemy/util/_concurrency_py3k.py", line 196, in greenlet_spawn
    value = await result
            ^^^^^^^^^^^^
  File "/home/chinmay/projects/nitte_hack/backend/.venv/lib/python3.12/site-packages/sqlalchemy/dialects/postgresql/asyncpg.py", line 912, in _terminate_graceful_close
    await self._connection.close(timeout=2)
  File "/home/chinmay/projects/nitte_hack/backend/.venv/lib/python3.12/site-packages/asyncpg/connection.py", line 1513, in close
    await self._protocol.close(timeout)
  File "asyncpg/protocol/protocol.pyx", line 617, in close
  File "asyncpg/protocol/protocol.pyx", line 650, in asyncpg.protocol.protocol.BaseProtocol._request_cancel
  File "/home/chinmay/projects/nitte_hack/backend/.venv/lib/python3.12/site-packages/asyncpg/connection.py", line 1682, in _cancel_current_command
    self._cancellations.add(self._loop.create_task(self._cancel(waiter)))
                            ^^^^^^^^^^^^^^^^^^^^^^^^^^^^^^^^^^^^^^^^^^^^
  File "/usr/lib/python3.12/asyncio/base_events.py", line 456, in create_task
    self._check_closed()
  File "/usr/lib/python3.12/asyncio/base_events.py", line 541, in _check_closed
    raise RuntimeError('Event loop is closed')
RuntimeError: Event loop is closed
2026-08-22 09:42:08 | ERROR    | app.main | Unhandled exception  method=POST  path=/api/auth/login  request_id=f38c8534-4aa3-4c87-b4bd-a5ea71a37027
Traceback (most recent call last):
  File "/home/chinmay/projects/nitte_hack/backend/.venv/lib/python3.12/site-packages/starlette/middleware/errors.py", line 164, in __call__
    await self.app(scope, receive, _send)
  File "/home/chinmay/projects/nitte_hack/backend/.venv/lib/python3.12/site-packages/starlette/middleware/cors.py", line 88, in __call__
    await self.app(scope, receive, send)
  File "/home/chinmay/projects/nitte_hack/backend/.venv/lib/python3.12/site-packages/starlette/middleware/base.py", line 191, in __call__
    with recv_stream, send_stream, collapse_excgroups():
  File "/usr/lib/python3.12/contextlib.py", line 158, in __exit__
    self.gen.throw(value)
  File "/home/chinmay/projects/nitte_hack/backend/.venv/lib/python3.12/site-packages/starlette/_utils.py", line 87, in collapse_excgroups
    raise exc
  File "/home/chinmay/projects/nitte_hack/backend/.venv/lib/python3.12/site-packages/starlette/middleware/base.py", line 193, in __call__
    response = await self.dispatch_func(request, call_next)
               ^^^^^^^^^^^^^^^^^^^^^^^^^^^^^^^^^^^^^^^^^^^^
  File "/home/chinmay/projects/nitte_hack/backend/app/middleware/request_id.py", line 26, in dispatch
    response: Response = await call_next(request)
                         ^^^^^^^^^^^^^^^^^^^^^^^^
  File "/home/chinmay/projects/nitte_hack/backend/.venv/lib/python3.12/site-packages/starlette/middleware/base.py", line 168, in call_next
    raise app_exc from app_exc.__cause__ or app_exc.__context__
  File "/home/chinmay/projects/nitte_hack/backend/.venv/lib/python3.12/site-packages/starlette/middleware/base.py", line 144, in coro
    await self.app(scope, receive_or_disconnect, send_no_error)
  File "/home/chinmay/projects/nitte_hack/backend/.venv/lib/python3.12/site-packages/starlette/middleware/exceptions.py", line 63, in __call__
    await wrap_app_handling_exceptions(self.app, conn)(scope, receive, send)
  File "/home/chinmay/projects/nitte_hack/backend/.venv/lib/python3.12/site-packages/starlette/_exception_handler.py", line 53, in wrapped_app
    raise exc
  File "/home/chinmay/projects/nitte_hack/backend/.venv/lib/python3.12/site-packages/starlette/_exception_handler.py", line 42, in wrapped_app
    await app(scope, receive, sender)
  File "/home/chinmay/projects/nitte_hack/backend/.venv/lib/python3.12/site-packages/fastapi/middleware/asyncexitstack.py", line 18, in __call__
    await self.app(scope, receive, send)
  File "/home/chinmay/projects/nitte_hack/backend/.venv/lib/python3.12/site-packages/starlette/routing.py", line 660, in __call__
    await self.middleware_stack(scope, receive, send)
  File "/home/chinmay/projects/nitte_hack/backend/.venv/lib/python3.12/site-packages/starlette/routing.py", line 680, in app
    await route.handle(scope, receive, send)
  File "/home/chinmay/projects/nitte_hack/backend/.venv/lib/python3.12/site-packages/starlette/routing.py", line 276, in handle
    await self.app(scope, receive, send)
  File "/home/chinmay/projects/nitte_hack/backend/.venv/lib/python3.12/site-packages/fastapi/routing.py", line 134, in app
    await wrap_app_handling_exceptions(app, request)(scope, receive, send)
  File "/home/chinmay/projects/nitte_hack/backend/.venv/lib/python3.12/site-packages/starlette/_exception_handler.py", line 53, in wrapped_app
    raise exc
  File "/home/chinmay/projects/nitte_hack/backend/.venv/lib/python3.12/site-packages/starlette/_exception_handler.py", line 42, in wrapped_app
    await app(scope, receive, sender)
  File "/home/chinmay/projects/nitte_hack/backend/.venv/lib/python3.12/site-packages/fastapi/routing.py", line 120, in app
    response = await f(request)
               ^^^^^^^^^^^^^^^^
  File "/home/chinmay/projects/nitte_hack/backend/.venv/lib/python3.12/site-packages/fastapi/routing.py", line 674, in app
    raw_response = await run_endpoint_function(
                   ^^^^^^^^^^^^^^^^^^^^^^^^^^^^
  File "/home/chinmay/projects/nitte_hack/backend/.venv/lib/python3.12/site-packages/fastapi/routing.py", line 328, in run_endpoint_function
    return await dependant.call(**values)
           ^^^^^^^^^^^^^^^^^^^^^^^^^^^^^^
  File "/home/chinmay/projects/nitte_hack/backend/app/api/auth.py", line 29, in login
    return await auth_service.authenticate_user(db, credentials.login_id, credentials.password)
           ^^^^^^^^^^^^^^^^^^^^^^^^^^^^^^^^^^^^^^^^^^^^^^^^^^^^^^^^^^^^^^^^^^^^^^^^^^^^^^^^^^^^
  File "/home/chinmay/projects/nitte_hack/backend/app/services/auth_service.py", line 27, in authenticate_user
    result = await db.execute(
             ^^^^^^^^^^^^^^^^^
  File "/home/chinmay/projects/nitte_hack/backend/.venv/lib/python3.12/site-packages/sqlalchemy/ext/asyncio/session.py", line 449, in execute
    result = await greenlet_spawn(
             ^^^^^^^^^^^^^^^^^^^^^
  File "/home/chinmay/projects/nitte_hack/backend/.venv/lib/python3.12/site-packages/sqlalchemy/util/_concurrency_py3k.py", line 201, in greenlet_spawn
    result = context.throw(*sys.exc_info())
             ^^^^^^^^^^^^^^^^^^^^^^^^^^^^^^
  File "/home/chinmay/projects/nitte_hack/backend/.venv/lib/python3.12/site-packages/sqlalchemy/orm/session.py", line 2351, in execute
    return self._execute_internal(
           ^^^^^^^^^^^^^^^^^^^^^^^
  File "/home/chinmay/projects/nitte_hack/backend/.venv/lib/python3.12/site-packages/sqlalchemy/orm/session.py", line 2239, in _execute_internal
    conn = self._connection_for_bind(bind)
           ^^^^^^^^^^^^^^^^^^^^^^^^^^^^^^^
  File "/home/chinmay/projects/nitte_hack/backend/.venv/lib/python3.12/site-packages/sqlalchemy/orm/session.py", line 2108, in _connection_for_bind
    return trans._connection_for_bind(engine, execution_options)
           ^^^^^^^^^^^^^^^^^^^^^^^^^^^^^^^^^^^^^^^^^^^^^^^^^^^^^
  File "<string>", line 2, in _connection_for_bind
  File "/home/chinmay/projects/nitte_hack/backend/.venv/lib/python3.12/site-packages/sqlalchemy/orm/state_changes.py", line 137, in _go
    ret_value = fn(self, *arg, **kw)
                ^^^^^^^^^^^^^^^^^^^^
  File "/home/chinmay/projects/nitte_hack/backend/.venv/lib/python3.12/site-packages/sqlalchemy/orm/session.py", line 1187, in _connection_for_bind
    conn = bind.connect()
           ^^^^^^^^^^^^^^
  File "/home/chinmay/projects/nitte_hack/backend/.venv/lib/python3.12/site-packages/sqlalchemy/engine/base.py", line 3293, in connect
    return self._connection_cls(self)
           ^^^^^^^^^^^^^^^^^^^^^^^^^^
  File "/home/chinmay/projects/nitte_hack/backend/.venv/lib/python3.12/site-packages/sqlalchemy/engine/base.py", line 143, in __init__
    self._dbapi_connection = engine.raw_connection()
                             ^^^^^^^^^^^^^^^^^^^^^^^
  File "/home/chinmay/projects/nitte_hack/backend/.venv/lib/python3.12/site-packages/sqlalchemy/engine/base.py", line 3317, in raw_connection
    return self.pool.connect()
           ^^^^^^^^^^^^^^^^^^^
  File "/home/chinmay/projects/nitte_hack/backend/.venv/lib/python3.12/site-packages/sqlalchemy/pool/base.py", line 448, in connect
    return _ConnectionFairy._checkout(self)
           ^^^^^^^^^^^^^^^^^^^^^^^^^^^^^^^^
  File "/home/chinmay/projects/nitte_hack/backend/.venv/lib/python3.12/site-packages/sqlalchemy/pool/base.py", line 1371, in _checkout
    with util.safe_reraise():
  File "/home/chinmay/projects/nitte_hack/backend/.venv/lib/python3.12/site-packages/sqlalchemy/util/langhelpers.py", line 121, in __exit__
    raise exc_value.with_traceback(exc_tb)
  File "/home/chinmay/projects/nitte_hack/backend/.venv/lib/python3.12/site-packages/sqlalchemy/pool/base.py", line 1309, in _checkout
    result = pool._dialect._do_ping_w_event(
             ^^^^^^^^^^^^^^^^^^^^^^^^^^^^^^^
  File "/home/chinmay/projects/nitte_hack/backend/.venv/lib/python3.12/site-packages/sqlalchemy/engine/default.py", line 729, in _do_ping_w_event
    return self.do_ping(dbapi_connection)
           ^^^^^^^^^^^^^^^^^^^^^^^^^^^^^^
  File "/home/chinmay/projects/nitte_hack/backend/.venv/lib/python3.12/site-packages/sqlalchemy/dialects/postgresql/asyncpg.py", line 1160, in do_ping
    dbapi_connection.ping()
  File "/home/chinmay/projects/nitte_hack/backend/.venv/lib/python3.12/site-packages/sqlalchemy/dialects/postgresql/asyncpg.py", line 818, in ping
    self._handle_exception(error)
  File "/home/chinmay/projects/nitte_hack/backend/.venv/lib/python3.12/site-packages/sqlalchemy/dialects/postgresql/asyncpg.py", line 799, in _handle_exception
    raise error
  File "/home/chinmay/projects/nitte_hack/backend/.venv/lib/python3.12/site-packages/sqlalchemy/dialects/postgresql/asyncpg.py", line 816, in ping
    _ = self.await_(self._async_ping())
        ^^^^^^^^^^^^^^^^^^^^^^^^^^^^^^^
  File "/home/chinmay/projects/nitte_hack/backend/.venv/lib/python3.12/site-packages/sqlalchemy/util/_concurrency_py3k.py", line 132, in await_only
    return current.parent.switch(awaitable)  # type: ignore[no-any-return,attr-defined] # noqa: E501
           ^^^^^^^^^^^^^^^^^^^^^^^^^^^^^^^^
  File "/home/chinmay/projects/nitte_hack/backend/.venv/lib/python3.12/site-packages/sqlalchemy/util/_concurrency_py3k.py", line 196, in greenlet_spawn
    value = await result
            ^^^^^^^^^^^^
  File "/home/chinmay/projects/nitte_hack/backend/.venv/lib/python3.12/site-packages/sqlalchemy/dialects/postgresql/asyncpg.py", line 825, in _async_ping
    await tr.start()
  File "/home/chinmay/projects/nitte_hack/backend/.venv/lib/python3.12/site-packages/asyncpg/transaction.py", line 146, in start
    await self._connection.execute(query)
  File "/home/chinmay/projects/nitte_hack/backend/.venv/lib/python3.12/site-packages/asyncpg/connection.py", line 354, in execute
    result = await self._protocol.query(query, timeout)
             ^^^^^^^^^^^^^^^^^^^^^^^^^^^^^^^^^^^^^^^^^^
  File "asyncpg/protocol/protocol.pyx", line 369, in query
RuntimeError: Task <Task pending name='starlette.middleware.base.BaseHTTPMiddleware.__call__.<locals>.call_next.<locals>.coro' coro=<BaseHTTPMiddleware.__call__.<locals>.call_next.<locals>.coro() running at /home/chinmay/projects/nitte_hack/backend/.venv/lib/python3.12/site-packages/starlette/middleware/base.py:144> cb=[TaskGroup._spawn.<locals>.task_done() at /home/chinmay/projects/nitte_hack/backend/.venv/lib/python3.12/site-packages/anyio/_backends/_asyncio.py:821]> got Future <Future pending cb=[BaseProtocol._on_waiter_completed()]> attached to a different loop
2026-08-22 09:42:09 | INFO     | app.services.auth_service | User authenticated  user_id=49  login_id=ADMIN-TEST-ded58c65  role=UserRole.ADMIN
2026-08-22 09:42:09 | INFO     | app.middleware.request_id | POST /api/auth/login → 200  (214.5ms)  request_id=ae21adfe-83a3-4831-ac37-4e211cf5e35b
2026-08-22 09:42:09 | INFO     | httpx | HTTP Request: POST http://test/api/auth/login "HTTP/1.1 200 OK"
2026-08-22 09:42:09 | INFO     | app.services.employee_service | Employee created  employee_id=EMP-0024  user_id=50  email=emp-3ec7e911@hrms-test.com
2026-08-22 09:42:09 | INFO     | app.middleware.request_id | POST /api/employees → 201  (180.1ms)  request_id=96976543-f24d-42b1-8f30-8dae746b6bb4
2026-08-22 09:42:09 | INFO     | httpx | HTTP Request: POST http://test/api/employees "HTTP/1.1 201 Created"
2026-08-22 09:42:09 | INFO     | app.services.auth_service | User authenticated  user_id=50  login_id=EMP-0024  role=UserRole.EMPLOYEE
2026-08-22 09:42:09 | INFO     | app.middleware.request_id | POST /api/auth/login → 200  (172.3ms)  request_id=cb06f7c6-4455-4640-a466-c4af11ca5f3e
2026-08-22 09:42:09 | INFO     | httpx | HTTP Request: POST http://test/api/auth/login "HTTP/1.1 200 OK"
2026-08-22 09:42:09 | INFO     | app.services.employee_service | Employee created  employee_id=EMP-0025  user_id=51  email=other-70884c@t.com
2026-08-22 09:42:09 | INFO     | app.middleware.request_id | POST /api/employees → 201  (179.2ms)  request_id=eeec3217-e073-452d-9f72-165ce7d2cddf
2026-08-22 09:42:09 | INFO     | httpx | HTTP Request: POST http://test/api/employees "HTTP/1.1 201 Created"
2026-08-22 09:42:09 | INFO     | app.middleware.request_id | GET /api/employees/25 → 403  (2.4ms)  request_id=5731beba-4f37-4eef-a8e5-42d1c7213cd3
2026-08-22 09:42:09 | INFO     | httpx | HTTP Request: GET http://test/api/employees/25 "HTTP/1.1 403 Forbidden"
2026-08-22 09:42:10 | ERROR    | sqlalchemy.pool.impl.AsyncAdaptedQueuePool | Exception terminating connection <AdaptedConnection <asyncpg.connection.Connection object at 0x7372e0b437a0>>
Traceback (most recent call last):
  File "/home/chinmay/projects/nitte_hack/backend/.venv/lib/python3.12/site-packages/sqlalchemy/pool/base.py", line 373, in _close_connection
    self._dialect.do_terminate(connection)
  File "/home/chinmay/projects/nitte_hack/backend/.venv/lib/python3.12/site-packages/sqlalchemy/dialects/postgresql/asyncpg.py", line 1127, in do_terminate
    dbapi_connection.terminate()
  File "/home/chinmay/projects/nitte_hack/backend/.venv/lib/python3.12/site-packages/sqlalchemy/connectors/asyncio.py", line 402, in terminate
    self.await_(asyncio.shield(self._terminate_graceful_close()))  # type: ignore[attr-defined] # noqa: E501
    ^^^^^^^^^^^^^^^^^^^^^^^^^^^^^^^^^^^^^^^^^^^^^^^^^^^^^^^^^^^^^
  File "/home/chinmay/projects/nitte_hack/backend/.venv/lib/python3.12/site-packages/sqlalchemy/util/_concurrency_py3k.py", line 132, in await_only
    return current.parent.switch(awaitable)  # type: ignore[no-any-return,attr-defined] # noqa: E501
           ^^^^^^^^^^^^^^^^^^^^^^^^^^^^^^^^
  File "/home/chinmay/projects/nitte_hack/backend/.venv/lib/python3.12/site-packages/sqlalchemy/util/_concurrency_py3k.py", line 196, in greenlet_spawn
    value = await result
            ^^^^^^^^^^^^
  File "/home/chinmay/projects/nitte_hack/backend/.venv/lib/python3.12/site-packages/sqlalchemy/dialects/postgresql/asyncpg.py", line 912, in _terminate_graceful_close
    await self._connection.close(timeout=2)
  File "/home/chinmay/projects/nitte_hack/backend/.venv/lib/python3.12/site-packages/asyncpg/connection.py", line 1513, in close
    await self._protocol.close(timeout)
  File "asyncpg/protocol/protocol.pyx", line 617, in close
  File "asyncpg/protocol/protocol.pyx", line 650, in asyncpg.protocol.protocol.BaseProtocol._request_cancel
  File "/home/chinmay/projects/nitte_hack/backend/.venv/lib/python3.12/site-packages/asyncpg/connection.py", line 1682, in _cancel_current_command
    self._cancellations.add(self._loop.create_task(self._cancel(waiter)))
                            ^^^^^^^^^^^^^^^^^^^^^^^^^^^^^^^^^^^^^^^^^^^^
  File "/usr/lib/python3.12/asyncio/base_events.py", line 456, in create_task
    self._check_closed()
  File "/usr/lib/python3.12/asyncio/base_events.py", line 541, in _check_closed
    raise RuntimeError('Event loop is closed')
RuntimeError: Event loop is closed
2026-08-22 09:42:10 | ERROR    | app.main | Unhandled exception  method=POST  path=/api/auth/login  request_id=8cf43444-5ab7-413a-8a23-a9556c232d0e
Traceback (most recent call last):
  File "/home/chinmay/projects/nitte_hack/backend/.venv/lib/python3.12/site-packages/starlette/middleware/errors.py", line 164, in __call__
    await self.app(scope, receive, _send)
  File "/home/chinmay/projects/nitte_hack/backend/.venv/lib/python3.12/site-packages/starlette/middleware/cors.py", line 88, in __call__
    await self.app(scope, receive, send)
  File "/home/chinmay/projects/nitte_hack/backend/.venv/lib/python3.12/site-packages/starlette/middleware/base.py", line 191, in __call__
    with recv_stream, send_stream, collapse_excgroups():
  File "/usr/lib/python3.12/contextlib.py", line 158, in __exit__
    self.gen.throw(value)
  File "/home/chinmay/projects/nitte_hack/backend/.venv/lib/python3.12/site-packages/starlette/_utils.py", line 87, in collapse_excgroups
    raise exc
  File "/home/chinmay/projects/nitte_hack/backend/.venv/lib/python3.12/site-packages/starlette/middleware/base.py", line 193, in __call__
    response = await self.dispatch_func(request, call_next)
               ^^^^^^^^^^^^^^^^^^^^^^^^^^^^^^^^^^^^^^^^^^^^
  File "/home/chinmay/projects/nitte_hack/backend/app/middleware/request_id.py", line 26, in dispatch
    response: Response = await call_next(request)
                         ^^^^^^^^^^^^^^^^^^^^^^^^
  File "/home/chinmay/projects/nitte_hack/backend/.venv/lib/python3.12/site-packages/starlette/middleware/base.py", line 168, in call_next
    raise app_exc from app_exc.__cause__ or app_exc.__context__
  File "/home/chinmay/projects/nitte_hack/backend/.venv/lib/python3.12/site-packages/starlette/middleware/base.py", line 144, in coro
    await self.app(scope, receive_or_disconnect, send_no_error)
  File "/home/chinmay/projects/nitte_hack/backend/.venv/lib/python3.12/site-packages/starlette/middleware/exceptions.py", line 63, in __call__
    await wrap_app_handling_exceptions(self.app, conn)(scope, receive, send)
  File "/home/chinmay/projects/nitte_hack/backend/.venv/lib/python3.12/site-packages/starlette/_exception_handler.py", line 53, in wrapped_app
    raise exc
  File "/home/chinmay/projects/nitte_hack/backend/.venv/lib/python3.12/site-packages/starlette/_exception_handler.py", line 42, in wrapped_app
    await app(scope, receive, sender)
  File "/home/chinmay/projects/nitte_hack/backend/.venv/lib/python3.12/site-packages/fastapi/middleware/asyncexitstack.py", line 18, in __call__
    await self.app(scope, receive, send)
  File "/home/chinmay/projects/nitte_hack/backend/.venv/lib/python3.12/site-packages/starlette/routing.py", line 660, in __call__
    await self.middleware_stack(scope, receive, send)
  File "/home/chinmay/projects/nitte_hack/backend/.venv/lib/python3.12/site-packages/starlette/routing.py", line 680, in app
    await route.handle(scope, receive, send)
  File "/home/chinmay/projects/nitte_hack/backend/.venv/lib/python3.12/site-packages/starlette/routing.py", line 276, in handle
    await self.app(scope, receive, send)
  File "/home/chinmay/projects/nitte_hack/backend/.venv/lib/python3.12/site-packages/fastapi/routing.py", line 134, in app
    await wrap_app_handling_exceptions(app, request)(scope, receive, send)
  File "/home/chinmay/projects/nitte_hack/backend/.venv/lib/python3.12/site-packages/starlette/_exception_handler.py", line 53, in wrapped_app
    raise exc
  File "/home/chinmay/projects/nitte_hack/backend/.venv/lib/python3.12/site-packages/starlette/_exception_handler.py", line 42, in wrapped_app
    await app(scope, receive, sender)
  File "/home/chinmay/projects/nitte_hack/backend/.venv/lib/python3.12/site-packages/fastapi/routing.py", line 120, in app
    response = await f(request)
               ^^^^^^^^^^^^^^^^
  File "/home/chinmay/projects/nitte_hack/backend/.venv/lib/python3.12/site-packages/fastapi/routing.py", line 674, in app
    raw_response = await run_endpoint_function(
                   ^^^^^^^^^^^^^^^^^^^^^^^^^^^^
  File "/home/chinmay/projects/nitte_hack/backend/.venv/lib/python3.12/site-packages/fastapi/routing.py", line 328, in run_endpoint_function
    return await dependant.call(**values)
           ^^^^^^^^^^^^^^^^^^^^^^^^^^^^^^
  File "/home/chinmay/projects/nitte_hack/backend/app/api/auth.py", line 29, in login
    return await auth_service.authenticate_user(db, credentials.login_id, credentials.password)
           ^^^^^^^^^^^^^^^^^^^^^^^^^^^^^^^^^^^^^^^^^^^^^^^^^^^^^^^^^^^^^^^^^^^^^^^^^^^^^^^^^^^^
  File "/home/chinmay/projects/nitte_hack/backend/app/services/auth_service.py", line 27, in authenticate_user
    result = await db.execute(
             ^^^^^^^^^^^^^^^^^
  File "/home/chinmay/projects/nitte_hack/backend/.venv/lib/python3.12/site-packages/sqlalchemy/ext/asyncio/session.py", line 449, in execute
    result = await greenlet_spawn(
             ^^^^^^^^^^^^^^^^^^^^^
  File "/home/chinmay/projects/nitte_hack/backend/.venv/lib/python3.12/site-packages/sqlalchemy/util/_concurrency_py3k.py", line 201, in greenlet_spawn
    result = context.throw(*sys.exc_info())
             ^^^^^^^^^^^^^^^^^^^^^^^^^^^^^^
  File "/home/chinmay/projects/nitte_hack/backend/.venv/lib/python3.12/site-packages/sqlalchemy/orm/session.py", line 2351, in execute
    return self._execute_internal(
           ^^^^^^^^^^^^^^^^^^^^^^^
  File "/home/chinmay/projects/nitte_hack/backend/.venv/lib/python3.12/site-packages/sqlalchemy/orm/session.py", line 2239, in _execute_internal
    conn = self._connection_for_bind(bind)
           ^^^^^^^^^^^^^^^^^^^^^^^^^^^^^^^
  File "/home/chinmay/projects/nitte_hack/backend/.venv/lib/python3.12/site-packages/sqlalchemy/orm/session.py", line 2108, in _connection_for_bind
    return trans._connection_for_bind(engine, execution_options)
           ^^^^^^^^^^^^^^^^^^^^^^^^^^^^^^^^^^^^^^^^^^^^^^^^^^^^^
  File "<string>", line 2, in _connection_for_bind
  File "/home/chinmay/projects/nitte_hack/backend/.venv/lib/python3.12/site-packages/sqlalchemy/orm/state_changes.py", line 137, in _go
    ret_value = fn(self, *arg, **kw)
                ^^^^^^^^^^^^^^^^^^^^
  File "/home/chinmay/projects/nitte_hack/backend/.venv/lib/python3.12/site-packages/sqlalchemy/orm/session.py", line 1187, in _connection_for_bind
    conn = bind.connect()
           ^^^^^^^^^^^^^^
  File "/home/chinmay/projects/nitte_hack/backend/.venv/lib/python3.12/site-packages/sqlalchemy/engine/base.py", line 3293, in connect
    return self._connection_cls(self)
           ^^^^^^^^^^^^^^^^^^^^^^^^^^
  File "/home/chinmay/projects/nitte_hack/backend/.venv/lib/python3.12/site-packages/sqlalchemy/engine/base.py", line 143, in __init__
    self._dbapi_connection = engine.raw_connection()
                             ^^^^^^^^^^^^^^^^^^^^^^^
  File "/home/chinmay/projects/nitte_hack/backend/.venv/lib/python3.12/site-packages/sqlalchemy/engine/base.py", line 3317, in raw_connection
    return self.pool.connect()
           ^^^^^^^^^^^^^^^^^^^
  File "/home/chinmay/projects/nitte_hack/backend/.venv/lib/python3.12/site-packages/sqlalchemy/pool/base.py", line 448, in connect
    return _ConnectionFairy._checkout(self)
           ^^^^^^^^^^^^^^^^^^^^^^^^^^^^^^^^
  File "/home/chinmay/projects/nitte_hack/backend/.venv/lib/python3.12/site-packages/sqlalchemy/pool/base.py", line 1371, in _checkout
    with util.safe_reraise():
  File "/home/chinmay/projects/nitte_hack/backend/.venv/lib/python3.12/site-packages/sqlalchemy/util/langhelpers.py", line 121, in __exit__
    raise exc_value.with_traceback(exc_tb)
  File "/home/chinmay/projects/nitte_hack/backend/.venv/lib/python3.12/site-packages/sqlalchemy/pool/base.py", line 1309, in _checkout
    result = pool._dialect._do_ping_w_event(
             ^^^^^^^^^^^^^^^^^^^^^^^^^^^^^^^
  File "/home/chinmay/projects/nitte_hack/backend/.venv/lib/python3.12/site-packages/sqlalchemy/engine/default.py", line 729, in _do_ping_w_event
    return self.do_ping(dbapi_connection)
           ^^^^^^^^^^^^^^^^^^^^^^^^^^^^^^
  File "/home/chinmay/projects/nitte_hack/backend/.venv/lib/python3.12/site-packages/sqlalchemy/dialects/postgresql/asyncpg.py", line 1160, in do_ping
    dbapi_connection.ping()
  File "/home/chinmay/projects/nitte_hack/backend/.venv/lib/python3.12/site-packages/sqlalchemy/dialects/postgresql/asyncpg.py", line 818, in ping
    self._handle_exception(error)
  File "/home/chinmay/projects/nitte_hack/backend/.venv/lib/python3.12/site-packages/sqlalchemy/dialects/postgresql/asyncpg.py", line 799, in _handle_exception
    raise error
  File "/home/chinmay/projects/nitte_hack/backend/.venv/lib/python3.12/site-packages/sqlalchemy/dialects/postgresql/asyncpg.py", line 816, in ping
    _ = self.await_(self._async_ping())
        ^^^^^^^^^^^^^^^^^^^^^^^^^^^^^^^
  File "/home/chinmay/projects/nitte_hack/backend/.venv/lib/python3.12/site-packages/sqlalchemy/util/_concurrency_py3k.py", line 132, in await_only
    return current.parent.switch(awaitable)  # type: ignore[no-any-return,attr-defined] # noqa: E501
           ^^^^^^^^^^^^^^^^^^^^^^^^^^^^^^^^
  File "/home/chinmay/projects/nitte_hack/backend/.venv/lib/python3.12/site-packages/sqlalchemy/util/_concurrency_py3k.py", line 196, in greenlet_spawn
    value = await result
            ^^^^^^^^^^^^
  File "/home/chinmay/projects/nitte_hack/backend/.venv/lib/python3.12/site-packages/sqlalchemy/dialects/postgresql/asyncpg.py", line 825, in _async_ping
    await tr.start()
  File "/home/chinmay/projects/nitte_hack/backend/.venv/lib/python3.12/site-packages/asyncpg/transaction.py", line 146, in start
    await self._connection.execute(query)
  File "/home/chinmay/projects/nitte_hack/backend/.venv/lib/python3.12/site-packages/asyncpg/connection.py", line 354, in execute
    result = await self._protocol.query(query, timeout)
             ^^^^^^^^^^^^^^^^^^^^^^^^^^^^^^^^^^^^^^^^^^
  File "asyncpg/protocol/protocol.pyx", line 369, in query
RuntimeError: Task <Task pending name='starlette.middleware.base.BaseHTTPMiddleware.__call__.<locals>.call_next.<locals>.coro' coro=<BaseHTTPMiddleware.__call__.<locals>.call_next.<locals>.coro() running at /home/chinmay/projects/nitte_hack/backend/.venv/lib/python3.12/site-packages/starlette/middleware/base.py:144> cb=[TaskGroup._spawn.<locals>.task_done() at /home/chinmay/projects/nitte_hack/backend/.venv/lib/python3.12/site-packages/anyio/_backends/_asyncio.py:821]> got Future <Future pending cb=[BaseProtocol._on_waiter_completed()]> attached to a different loop
2026-08-22 09:42:10 | INFO     | app.services.auth_service | User authenticated  user_id=53  login_id=ADMIN-TEST-eca917af  role=UserRole.ADMIN
2026-08-22 09:42:10 | INFO     | app.middleware.request_id | POST /api/auth/login → 200  (193.4ms)  request_id=b0d65fea-3754-487d-830f-f50eaabae08f
2026-08-22 09:42:10 | INFO     | httpx | HTTP Request: POST http://test/api/auth/login "HTTP/1.1 200 OK"
2026-08-22 09:42:10 | INFO     | app.services.employee_service | Employee created  employee_id=EMP-0026  user_id=54  email=emp-67621275@hrms-test.com
2026-08-22 09:42:10 | INFO     | app.middleware.request_id | POST /api/employees → 201  (178.1ms)  request_id=d50c0338-d087-4cc1-8471-49e0a6cbcb97
2026-08-22 09:42:10 | INFO     | httpx | HTTP Request: POST http://test/api/employees "HTTP/1.1 201 Created"
2026-08-22 09:42:11 | INFO     | app.services.auth_service | User authenticated  user_id=54  login_id=EMP-0026  role=UserRole.EMPLOYEE
2026-08-22 09:42:11 | INFO     | app.middleware.request_id | POST /api/auth/login → 200  (170.6ms)  request_id=769d2296-31c6-41dd-97b9-99ef48f57d03
2026-08-22 09:42:11 | INFO     | httpx | HTTP Request: POST http://test/api/auth/login "HTTP/1.1 200 OK"
2026-08-22 09:42:11 | INFO     | app.services.leave_service | Leave request created  employee_id=26  leave_id=6  type=LeaveType.PAID  dates=2027-10-01→2027-10-03
2026-08-22 09:42:11 | INFO     | app.middleware.request_id | POST /api/leave → 201  (12.0ms)  request_id=9dae9a53-a698-4d83-a2de-0759cedfaf04
2026-08-22 09:42:11 | INFO     | httpx | HTTP Request: POST http://test/api/leave "HTTP/1.1 201 Created"
2026-08-22 09:42:11 | ERROR    | sqlalchemy.pool.impl.AsyncAdaptedQueuePool | Exception terminating connection <AdaptedConnection <asyncpg.connection.Connection object at 0x7372e0b41d60>>
Traceback (most recent call last):
  File "/home/chinmay/projects/nitte_hack/backend/.venv/lib/python3.12/site-packages/sqlalchemy/pool/base.py", line 373, in _close_connection
    self._dialect.do_terminate(connection)
  File "/home/chinmay/projects/nitte_hack/backend/.venv/lib/python3.12/site-packages/sqlalchemy/dialects/postgresql/asyncpg.py", line 1127, in do_terminate
    dbapi_connection.terminate()
  File "/home/chinmay/projects/nitte_hack/backend/.venv/lib/python3.12/site-packages/sqlalchemy/connectors/asyncio.py", line 402, in terminate
    self.await_(asyncio.shield(self._terminate_graceful_close()))  # type: ignore[attr-defined] # noqa: E501
    ^^^^^^^^^^^^^^^^^^^^^^^^^^^^^^^^^^^^^^^^^^^^^^^^^^^^^^^^^^^^^
  File "/home/chinmay/projects/nitte_hack/backend/.venv/lib/python3.12/site-packages/sqlalchemy/util/_concurrency_py3k.py", line 132, in await_only
    return current.parent.switch(awaitable)  # type: ignore[no-any-return,attr-defined] # noqa: E501
           ^^^^^^^^^^^^^^^^^^^^^^^^^^^^^^^^
  File "/home/chinmay/projects/nitte_hack/backend/.venv/lib/python3.12/site-packages/sqlalchemy/util/_concurrency_py3k.py", line 196, in greenlet_spawn
    value = await result
            ^^^^^^^^^^^^
  File "/home/chinmay/projects/nitte_hack/backend/.venv/lib/python3.12/site-packages/sqlalchemy/dialects/postgresql/asyncpg.py", line 912, in _terminate_graceful_close
    await self._connection.close(timeout=2)
  File "/home/chinmay/projects/nitte_hack/backend/.venv/lib/python3.12/site-packages/asyncpg/connection.py", line 1513, in close
    await self._protocol.close(timeout)
  File "asyncpg/protocol/protocol.pyx", line 617, in close
  File "asyncpg/protocol/protocol.pyx", line 650, in asyncpg.protocol.protocol.BaseProtocol._request_cancel
  File "/home/chinmay/projects/nitte_hack/backend/.venv/lib/python3.12/site-packages/asyncpg/connection.py", line 1682, in _cancel_current_command
    self._cancellations.add(self._loop.create_task(self._cancel(waiter)))
                            ^^^^^^^^^^^^^^^^^^^^^^^^^^^^^^^^^^^^^^^^^^^^
  File "/usr/lib/python3.12/asyncio/base_events.py", line 456, in create_task
    self._check_closed()
  File "/usr/lib/python3.12/asyncio/base_events.py", line 541, in _check_closed
    raise RuntimeError('Event loop is closed')
RuntimeError: Event loop is closed
2026-08-22 09:42:11 | ERROR    | app.main | Unhandled exception  method=POST  path=/api/auth/login  request_id=af4f0ed8-7da9-4276-8bde-818be815e005
Traceback (most recent call last):
  File "/home/chinmay/projects/nitte_hack/backend/.venv/lib/python3.12/site-packages/starlette/middleware/errors.py", line 164, in __call__
    await self.app(scope, receive, _send)
  File "/home/chinmay/projects/nitte_hack/backend/.venv/lib/python3.12/site-packages/starlette/middleware/cors.py", line 88, in __call__
    await self.app(scope, receive, send)
  File "/home/chinmay/projects/nitte_hack/backend/.venv/lib/python3.12/site-packages/starlette/middleware/base.py", line 191, in __call__
    with recv_stream, send_stream, collapse_excgroups():
  File "/usr/lib/python3.12/contextlib.py", line 158, in __exit__
    self.gen.throw(value)
  File "/home/chinmay/projects/nitte_hack/backend/.venv/lib/python3.12/site-packages/starlette/_utils.py", line 87, in collapse_excgroups
    raise exc
  File "/home/chinmay/projects/nitte_hack/backend/.venv/lib/python3.12/site-packages/starlette/middleware/base.py", line 193, in __call__
    response = await self.dispatch_func(request, call_next)
               ^^^^^^^^^^^^^^^^^^^^^^^^^^^^^^^^^^^^^^^^^^^^
  File "/home/chinmay/projects/nitte_hack/backend/app/middleware/request_id.py", line 26, in dispatch
    response: Response = await call_next(request)
                         ^^^^^^^^^^^^^^^^^^^^^^^^
  File "/home/chinmay/projects/nitte_hack/backend/.venv/lib/python3.12/site-packages/starlette/middleware/base.py", line 168, in call_next
    raise app_exc from app_exc.__cause__ or app_exc.__context__
  File "/home/chinmay/projects/nitte_hack/backend/.venv/lib/python3.12/site-packages/starlette/middleware/base.py", line 144, in coro
    await self.app(scope, receive_or_disconnect, send_no_error)
  File "/home/chinmay/projects/nitte_hack/backend/.venv/lib/python3.12/site-packages/starlette/middleware/exceptions.py", line 63, in __call__
    await wrap_app_handling_exceptions(self.app, conn)(scope, receive, send)
  File "/home/chinmay/projects/nitte_hack/backend/.venv/lib/python3.12/site-packages/starlette/_exception_handler.py", line 53, in wrapped_app
    raise exc
  File "/home/chinmay/projects/nitte_hack/backend/.venv/lib/python3.12/site-packages/starlette/_exception_handler.py", line 42, in wrapped_app
    await app(scope, receive, sender)
  File "/home/chinmay/projects/nitte_hack/backend/.venv/lib/python3.12/site-packages/fastapi/middleware/asyncexitstack.py", line 18, in __call__
    await self.app(scope, receive, send)
  File "/home/chinmay/projects/nitte_hack/backend/.venv/lib/python3.12/site-packages/starlette/routing.py", line 660, in __call__
    await self.middleware_stack(scope, receive, send)
  File "/home/chinmay/projects/nitte_hack/backend/.venv/lib/python3.12/site-packages/starlette/routing.py", line 680, in app
    await route.handle(scope, receive, send)
  File "/home/chinmay/projects/nitte_hack/backend/.venv/lib/python3.12/site-packages/starlette/routing.py", line 276, in handle
    await self.app(scope, receive, send)
  File "/home/chinmay/projects/nitte_hack/backend/.venv/lib/python3.12/site-packages/fastapi/routing.py", line 134, in app
    await wrap_app_handling_exceptions(app, request)(scope, receive, send)
  File "/home/chinmay/projects/nitte_hack/backend/.venv/lib/python3.12/site-packages/starlette/_exception_handler.py", line 53, in wrapped_app
    raise exc
  File "/home/chinmay/projects/nitte_hack/backend/.venv/lib/python3.12/site-packages/starlette/_exception_handler.py", line 42, in wrapped_app
    await app(scope, receive, sender)
  File "/home/chinmay/projects/nitte_hack/backend/.venv/lib/python3.12/site-packages/fastapi/routing.py", line 120, in app
    response = await f(request)
               ^^^^^^^^^^^^^^^^
  File "/home/chinmay/projects/nitte_hack/backend/.venv/lib/python3.12/site-packages/fastapi/routing.py", line 674, in app
    raw_response = await run_endpoint_function(
                   ^^^^^^^^^^^^^^^^^^^^^^^^^^^^
  File "/home/chinmay/projects/nitte_hack/backend/.venv/lib/python3.12/site-packages/fastapi/routing.py", line 328, in run_endpoint_function
    return await dependant.call(**values)
           ^^^^^^^^^^^^^^^^^^^^^^^^^^^^^^
  File "/home/chinmay/projects/nitte_hack/backend/app/api/auth.py", line 29, in login
    return await auth_service.authenticate_user(db, credentials.login_id, credentials.password)
           ^^^^^^^^^^^^^^^^^^^^^^^^^^^^^^^^^^^^^^^^^^^^^^^^^^^^^^^^^^^^^^^^^^^^^^^^^^^^^^^^^^^^
  File "/home/chinmay/projects/nitte_hack/backend/app/services/auth_service.py", line 27, in authenticate_user
    result = await db.execute(
             ^^^^^^^^^^^^^^^^^
  File "/home/chinmay/projects/nitte_hack/backend/.venv/lib/python3.12/site-packages/sqlalchemy/ext/asyncio/session.py", line 449, in execute
    result = await greenlet_spawn(
             ^^^^^^^^^^^^^^^^^^^^^
  File "/home/chinmay/projects/nitte_hack/backend/.venv/lib/python3.12/site-packages/sqlalchemy/util/_concurrency_py3k.py", line 201, in greenlet_spawn
    result = context.throw(*sys.exc_info())
             ^^^^^^^^^^^^^^^^^^^^^^^^^^^^^^
  File "/home/chinmay/projects/nitte_hack/backend/.venv/lib/python3.12/site-packages/sqlalchemy/orm/session.py", line 2351, in execute
    return self._execute_internal(
           ^^^^^^^^^^^^^^^^^^^^^^^
  File "/home/chinmay/projects/nitte_hack/backend/.venv/lib/python3.12/site-packages/sqlalchemy/orm/session.py", line 2239, in _execute_internal
    conn = self._connection_for_bind(bind)
           ^^^^^^^^^^^^^^^^^^^^^^^^^^^^^^^
  File "/home/chinmay/projects/nitte_hack/backend/.venv/lib/python3.12/site-packages/sqlalchemy/orm/session.py", line 2108, in _connection_for_bind
    return trans._connection_for_bind(engine, execution_options)
           ^^^^^^^^^^^^^^^^^^^^^^^^^^^^^^^^^^^^^^^^^^^^^^^^^^^^^
  File "<string>", line 2, in _connection_for_bind
  File "/home/chinmay/projects/nitte_hack/backend/.venv/lib/python3.12/site-packages/sqlalchemy/orm/state_changes.py", line 137, in _go
    ret_value = fn(self, *arg, **kw)
                ^^^^^^^^^^^^^^^^^^^^
  File "/home/chinmay/projects/nitte_hack/backend/.venv/lib/python3.12/site-packages/sqlalchemy/orm/session.py", line 1187, in _connection_for_bind
    conn = bind.connect()
           ^^^^^^^^^^^^^^
  File "/home/chinmay/projects/nitte_hack/backend/.venv/lib/python3.12/site-packages/sqlalchemy/engine/base.py", line 3293, in connect
    return self._connection_cls(self)
           ^^^^^^^^^^^^^^^^^^^^^^^^^^
  File "/home/chinmay/projects/nitte_hack/backend/.venv/lib/python3.12/site-packages/sqlalchemy/engine/base.py", line 143, in __init__
    self._dbapi_connection = engine.raw_connection()
                             ^^^^^^^^^^^^^^^^^^^^^^^
  File "/home/chinmay/projects/nitte_hack/backend/.venv/lib/python3.12/site-packages/sqlalchemy/engine/base.py", line 3317, in raw_connection
    return self.pool.connect()
           ^^^^^^^^^^^^^^^^^^^
  File "/home/chinmay/projects/nitte_hack/backend/.venv/lib/python3.12/site-packages/sqlalchemy/pool/base.py", line 448, in connect
    return _ConnectionFairy._checkout(self)
           ^^^^^^^^^^^^^^^^^^^^^^^^^^^^^^^^
  File "/home/chinmay/projects/nitte_hack/backend/.venv/lib/python3.12/site-packages/sqlalchemy/pool/base.py", line 1371, in _checkout
    with util.safe_reraise():
  File "/home/chinmay/projects/nitte_hack/backend/.venv/lib/python3.12/site-packages/sqlalchemy/util/langhelpers.py", line 121, in __exit__
    raise exc_value.with_traceback(exc_tb)
  File "/home/chinmay/projects/nitte_hack/backend/.venv/lib/python3.12/site-packages/sqlalchemy/pool/base.py", line 1309, in _checkout
    result = pool._dialect._do_ping_w_event(
             ^^^^^^^^^^^^^^^^^^^^^^^^^^^^^^^
  File "/home/chinmay/projects/nitte_hack/backend/.venv/lib/python3.12/site-packages/sqlalchemy/engine/default.py", line 729, in _do_ping_w_event
    return self.do_ping(dbapi_connection)
           ^^^^^^^^^^^^^^^^^^^^^^^^^^^^^^
  File "/home/chinmay/projects/nitte_hack/backend/.venv/lib/python3.12/site-packages/sqlalchemy/dialects/postgresql/asyncpg.py", line 1160, in do_ping
    dbapi_connection.ping()
  File "/home/chinmay/projects/nitte_hack/backend/.venv/lib/python3.12/site-packages/sqlalchemy/dialects/postgresql/asyncpg.py", line 818, in ping
    self._handle_exception(error)
  File "/home/chinmay/projects/nitte_hack/backend/.venv/lib/python3.12/site-packages/sqlalchemy/dialects/postgresql/asyncpg.py", line 799, in _handle_exception
    raise error
  File "/home/chinmay/projects/nitte_hack/backend/.venv/lib/python3.12/site-packages/sqlalchemy/dialects/postgresql/asyncpg.py", line 816, in ping
    _ = self.await_(self._async_ping())
        ^^^^^^^^^^^^^^^^^^^^^^^^^^^^^^^
  File "/home/chinmay/projects/nitte_hack/backend/.venv/lib/python3.12/site-packages/sqlalchemy/util/_concurrency_py3k.py", line 132, in await_only
    return current.parent.switch(awaitable)  # type: ignore[no-any-return,attr-defined] # noqa: E501
           ^^^^^^^^^^^^^^^^^^^^^^^^^^^^^^^^
  File "/home/chinmay/projects/nitte_hack/backend/.venv/lib/python3.12/site-packages/sqlalchemy/util/_concurrency_py3k.py", line 196, in greenlet_spawn
    value = await result
            ^^^^^^^^^^^^
  File "/home/chinmay/projects/nitte_hack/backend/.venv/lib/python3.12/site-packages/sqlalchemy/dialects/postgresql/asyncpg.py", line 825, in _async_ping
    await tr.start()
  File "/home/chinmay/projects/nitte_hack/backend/.venv/lib/python3.12/site-packages/asyncpg/transaction.py", line 146, in start
    await self._connection.execute(query)
  File "/home/chinmay/projects/nitte_hack/backend/.venv/lib/python3.12/site-packages/asyncpg/connection.py", line 354, in execute
    result = await self._protocol.query(query, timeout)
             ^^^^^^^^^^^^^^^^^^^^^^^^^^^^^^^^^^^^^^^^^^
  File "asyncpg/protocol/protocol.pyx", line 369, in query
RuntimeError: Task <Task pending name='starlette.middleware.base.BaseHTTPMiddleware.__call__.<locals>.call_next.<locals>.coro' coro=<BaseHTTPMiddleware.__call__.<locals>.call_next.<locals>.coro() running at /home/chinmay/projects/nitte_hack/backend/.venv/lib/python3.12/site-packages/starlette/middleware/base.py:144> cb=[TaskGroup._spawn.<locals>.task_done() at /home/chinmay/projects/nitte_hack/backend/.venv/lib/python3.12/site-packages/anyio/_backends/_asyncio.py:821]> got Future <Future pending cb=[BaseProtocol._on_waiter_completed()]> attached to a different loop
2026-08-22 09:42:12 | INFO     | app.services.auth_service | User authenticated  user_id=56  login_id=ADMIN-TEST-2d50b2b6  role=UserRole.ADMIN
2026-08-22 09:42:12 | INFO     | app.middleware.request_id | POST /api/auth/login → 200  (196.9ms)  request_id=adf384c2-12f6-4348-9918-1ef5bf697553
2026-08-22 09:42:12 | INFO     | httpx | HTTP Request: POST http://test/api/auth/login "HTTP/1.1 200 OK"
2026-08-22 09:42:12 | INFO     | app.services.employee_service | Employee created  employee_id=EMP-0027  user_id=57  email=emp-a1973015@hrms-test.com
2026-08-22 09:42:12 | INFO     | app.middleware.request_id | POST /api/employees → 201  (187.5ms)  request_id=62326a83-2516-4ada-b277-58b928a8d4c8
2026-08-22 09:42:12 | INFO     | httpx | HTTP Request: POST http://test/api/employees "HTTP/1.1 201 Created"
2026-08-22 09:42:12 | INFO     | app.services.auth_service | User authenticated  user_id=57  login_id=EMP-0027  role=UserRole.EMPLOYEE
2026-08-22 09:42:12 | INFO     | app.middleware.request_id | POST /api/auth/login → 200  (176.3ms)  request_id=0f9bdb8a-c29a-43d0-a853-2f0aba45a569
2026-08-22 09:42:12 | INFO     | httpx | HTTP Request: POST http://test/api/auth/login "HTTP/1.1 200 OK"
2026-08-22 09:42:12 | INFO     | app.services.leave_service | Leave request created  employee_id=27  leave_id=7  type=LeaveType.PAID  dates=2027-12-01→2027-12-05
2026-08-22 09:42:12 | INFO     | app.middleware.request_id | POST /api/leave → 201  (20.1ms)  request_id=29ef2ebb-bded-4f2c-98ae-cf7e578b4525
2026-08-22 09:42:12 | INFO     | httpx | HTTP Request: POST http://test/api/leave "HTTP/1.1 201 Created"
2026-08-22 09:42:12 | INFO     | app.services.leave_service | Leave request decided  leave_id=7  status=LeaveStatus.APPROVED  admin_id=56
2026-08-22 09:42:12 | INFO     | app.middleware.request_id | PATCH /api/leave/7/decide → 200  (12.4ms)  request_id=5da63bf4-4f94-4fb2-a626-d04cbacfc282
2026-08-22 09:42:12 | INFO     | httpx | HTTP Request: PATCH http://test/api/leave/7/decide "HTTP/1.1 200 OK"
2026-08-22 09:42:12 | ERROR    | sqlalchemy.pool.impl.AsyncAdaptedQueuePool | Exception terminating connection <AdaptedConnection <asyncpg.connection.Connection object at 0x7372e26f54f0>>
Traceback (most recent call last):
  File "/home/chinmay/projects/nitte_hack/backend/.venv/lib/python3.12/site-packages/sqlalchemy/pool/base.py", line 373, in _close_connection
    self._dialect.do_terminate(connection)
  File "/home/chinmay/projects/nitte_hack/backend/.venv/lib/python3.12/site-packages/sqlalchemy/dialects/postgresql/asyncpg.py", line 1127, in do_terminate
    dbapi_connection.terminate()
  File "/home/chinmay/projects/nitte_hack/backend/.venv/lib/python3.12/site-packages/sqlalchemy/connectors/asyncio.py", line 402, in terminate
    self.await_(asyncio.shield(self._terminate_graceful_close()))  # type: ignore[attr-defined] # noqa: E501
    ^^^^^^^^^^^^^^^^^^^^^^^^^^^^^^^^^^^^^^^^^^^^^^^^^^^^^^^^^^^^^
  File "/home/chinmay/projects/nitte_hack/backend/.venv/lib/python3.12/site-packages/sqlalchemy/util/_concurrency_py3k.py", line 132, in await_only
    return current.parent.switch(awaitable)  # type: ignore[no-any-return,attr-defined] # noqa: E501
           ^^^^^^^^^^^^^^^^^^^^^^^^^^^^^^^^
  File "/home/chinmay/projects/nitte_hack/backend/.venv/lib/python3.12/site-packages/sqlalchemy/util/_concurrency_py3k.py", line 196, in greenlet_spawn
    value = await result
            ^^^^^^^^^^^^
  File "/home/chinmay/projects/nitte_hack/backend/.venv/lib/python3.12/site-packages/sqlalchemy/dialects/postgresql/asyncpg.py", line 912, in _terminate_graceful_close
    await self._connection.close(timeout=2)
  File "/home/chinmay/projects/nitte_hack/backend/.venv/lib/python3.12/site-packages/asyncpg/connection.py", line 1513, in close
    await self._protocol.close(timeout)
  File "asyncpg/protocol/protocol.pyx", line 617, in close
  File "asyncpg/protocol/protocol.pyx", line 650, in asyncpg.protocol.protocol.BaseProtocol._request_cancel
  File "/home/chinmay/projects/nitte_hack/backend/.venv/lib/python3.12/site-packages/asyncpg/connection.py", line 1682, in _cancel_current_command
    self._cancellations.add(self._loop.create_task(self._cancel(waiter)))
                            ^^^^^^^^^^^^^^^^^^^^^^^^^^^^^^^^^^^^^^^^^^^^
  File "/usr/lib/python3.12/asyncio/base_events.py", line 456, in create_task
    self._check_closed()
  File "/usr/lib/python3.12/asyncio/base_events.py", line 541, in _check_closed
    raise RuntimeError('Event loop is closed')
RuntimeError: Event loop is closed
2026-08-22 09:42:12 | ERROR    | app.main | Unhandled exception  method=POST  path=/api/auth/login  request_id=2cfa4bee-b4c5-4de1-8efd-81c9c89c37b8
Traceback (most recent call last):
  File "/home/chinmay/projects/nitte_hack/backend/.venv/lib/python3.12/site-packages/starlette/middleware/errors.py", line 164, in __call__
    await self.app(scope, receive, _send)
  File "/home/chinmay/projects/nitte_hack/backend/.venv/lib/python3.12/site-packages/starlette/middleware/cors.py", line 88, in __call__
    await self.app(scope, receive, send)
  File "/home/chinmay/projects/nitte_hack/backend/.venv/lib/python3.12/site-packages/starlette/middleware/base.py", line 191, in __call__
    with recv_stream, send_stream, collapse_excgroups():
  File "/usr/lib/python3.12/contextlib.py", line 158, in __exit__
    self.gen.throw(value)
  File "/home/chinmay/projects/nitte_hack/backend/.venv/lib/python3.12/site-packages/starlette/_utils.py", line 87, in collapse_excgroups
    raise exc
  File "/home/chinmay/projects/nitte_hack/backend/.venv/lib/python3.12/site-packages/starlette/middleware/base.py", line 193, in __call__
    response = await self.dispatch_func(request, call_next)
               ^^^^^^^^^^^^^^^^^^^^^^^^^^^^^^^^^^^^^^^^^^^^
  File "/home/chinmay/projects/nitte_hack/backend/app/middleware/request_id.py", line 26, in dispatch
    response: Response = await call_next(request)
                         ^^^^^^^^^^^^^^^^^^^^^^^^
  File "/home/chinmay/projects/nitte_hack/backend/.venv/lib/python3.12/site-packages/starlette/middleware/base.py", line 168, in call_next
    raise app_exc from app_exc.__cause__ or app_exc.__context__
  File "/home/chinmay/projects/nitte_hack/backend/.venv/lib/python3.12/site-packages/starlette/middleware/base.py", line 144, in coro
    await self.app(scope, receive_or_disconnect, send_no_error)
  File "/home/chinmay/projects/nitte_hack/backend/.venv/lib/python3.12/site-packages/starlette/middleware/exceptions.py", line 63, in __call__
    await wrap_app_handling_exceptions(self.app, conn)(scope, receive, send)
  File "/home/chinmay/projects/nitte_hack/backend/.venv/lib/python3.12/site-packages/starlette/_exception_handler.py", line 53, in wrapped_app
    raise exc
  File "/home/chinmay/projects/nitte_hack/backend/.venv/lib/python3.12/site-packages/starlette/_exception_handler.py", line 42, in wrapped_app
    await app(scope, receive, sender)
  File "/home/chinmay/projects/nitte_hack/backend/.venv/lib/python3.12/site-packages/fastapi/middleware/asyncexitstack.py", line 18, in __call__
    await self.app(scope, receive, send)
  File "/home/chinmay/projects/nitte_hack/backend/.venv/lib/python3.12/site-packages/starlette/routing.py", line 660, in __call__
    await self.middleware_stack(scope, receive, send)
  File "/home/chinmay/projects/nitte_hack/backend/.venv/lib/python3.12/site-packages/starlette/routing.py", line 680, in app
    await route.handle(scope, receive, send)
  File "/home/chinmay/projects/nitte_hack/backend/.venv/lib/python3.12/site-packages/starlette/routing.py", line 276, in handle
    await self.app(scope, receive, send)
  File "/home/chinmay/projects/nitte_hack/backend/.venv/lib/python3.12/site-packages/fastapi/routing.py", line 134, in app
    await wrap_app_handling_exceptions(app, request)(scope, receive, send)
  File "/home/chinmay/projects/nitte_hack/backend/.venv/lib/python3.12/site-packages/starlette/_exception_handler.py", line 53, in wrapped_app
    raise exc
  File "/home/chinmay/projects/nitte_hack/backend/.venv/lib/python3.12/site-packages/starlette/_exception_handler.py", line 42, in wrapped_app
    await app(scope, receive, sender)
  File "/home/chinmay/projects/nitte_hack/backend/.venv/lib/python3.12/site-packages/fastapi/routing.py", line 120, in app
    response = await f(request)
               ^^^^^^^^^^^^^^^^
  File "/home/chinmay/projects/nitte_hack/backend/.venv/lib/python3.12/site-packages/fastapi/routing.py", line 674, in app
    raw_response = await run_endpoint_function(
                   ^^^^^^^^^^^^^^^^^^^^^^^^^^^^
  File "/home/chinmay/projects/nitte_hack/backend/.venv/lib/python3.12/site-packages/fastapi/routing.py", line 328, in run_endpoint_function
    return await dependant.call(**values)
           ^^^^^^^^^^^^^^^^^^^^^^^^^^^^^^
  File "/home/chinmay/projects/nitte_hack/backend/app/api/auth.py", line 29, in login
    return await auth_service.authenticate_user(db, credentials.login_id, credentials.password)
           ^^^^^^^^^^^^^^^^^^^^^^^^^^^^^^^^^^^^^^^^^^^^^^^^^^^^^^^^^^^^^^^^^^^^^^^^^^^^^^^^^^^^
  File "/home/chinmay/projects/nitte_hack/backend/app/services/auth_service.py", line 27, in authenticate_user
    result = await db.execute(
             ^^^^^^^^^^^^^^^^^
  File "/home/chinmay/projects/nitte_hack/backend/.venv/lib/python3.12/site-packages/sqlalchemy/ext/asyncio/session.py", line 449, in execute
    result = await greenlet_spawn(
             ^^^^^^^^^^^^^^^^^^^^^
  File "/home/chinmay/projects/nitte_hack/backend/.venv/lib/python3.12/site-packages/sqlalchemy/util/_concurrency_py3k.py", line 201, in greenlet_spawn
    result = context.throw(*sys.exc_info())
             ^^^^^^^^^^^^^^^^^^^^^^^^^^^^^^
  File "/home/chinmay/projects/nitte_hack/backend/.venv/lib/python3.12/site-packages/sqlalchemy/orm/session.py", line 2351, in execute
    return self._execute_internal(
           ^^^^^^^^^^^^^^^^^^^^^^^
  File "/home/chinmay/projects/nitte_hack/backend/.venv/lib/python3.12/site-packages/sqlalchemy/orm/session.py", line 2239, in _execute_internal
    conn = self._connection_for_bind(bind)
           ^^^^^^^^^^^^^^^^^^^^^^^^^^^^^^^
  File "/home/chinmay/projects/nitte_hack/backend/.venv/lib/python3.12/site-packages/sqlalchemy/orm/session.py", line 2108, in _connection_for_bind
    return trans._connection_for_bind(engine, execution_options)
           ^^^^^^^^^^^^^^^^^^^^^^^^^^^^^^^^^^^^^^^^^^^^^^^^^^^^^
  File "<string>", line 2, in _connection_for_bind
  File "/home/chinmay/projects/nitte_hack/backend/.venv/lib/python3.12/site-packages/sqlalchemy/orm/state_changes.py", line 137, in _go
    ret_value = fn(self, *arg, **kw)
                ^^^^^^^^^^^^^^^^^^^^
  File "/home/chinmay/projects/nitte_hack/backend/.venv/lib/python3.12/site-packages/sqlalchemy/orm/session.py", line 1187, in _connection_for_bind
    conn = bind.connect()
           ^^^^^^^^^^^^^^
  File "/home/chinmay/projects/nitte_hack/backend/.venv/lib/python3.12/site-packages/sqlalchemy/engine/base.py", line 3293, in connect
    return self._connection_cls(self)
           ^^^^^^^^^^^^^^^^^^^^^^^^^^
  File "/home/chinmay/projects/nitte_hack/backend/.venv/lib/python3.12/site-packages/sqlalchemy/engine/base.py", line 143, in __init__
    self._dbapi_connection = engine.raw_connection()
                             ^^^^^^^^^^^^^^^^^^^^^^^
  File "/home/chinmay/projects/nitte_hack/backend/.venv/lib/python3.12/site-packages/sqlalchemy/engine/base.py", line 3317, in raw_connection
    return self.pool.connect()
           ^^^^^^^^^^^^^^^^^^^
  File "/home/chinmay/projects/nitte_hack/backend/.venv/lib/python3.12/site-packages/sqlalchemy/pool/base.py", line 448, in connect
    return _ConnectionFairy._checkout(self)
           ^^^^^^^^^^^^^^^^^^^^^^^^^^^^^^^^
  File "/home/chinmay/projects/nitte_hack/backend/.venv/lib/python3.12/site-packages/sqlalchemy/pool/base.py", line 1371, in _checkout
    with util.safe_reraise():
  File "/home/chinmay/projects/nitte_hack/backend/.venv/lib/python3.12/site-packages/sqlalchemy/util/langhelpers.py", line 121, in __exit__
    raise exc_value.with_traceback(exc_tb)
  File "/home/chinmay/projects/nitte_hack/backend/.venv/lib/python3.12/site-packages/sqlalchemy/pool/base.py", line 1309, in _checkout
    result = pool._dialect._do_ping_w_event(
             ^^^^^^^^^^^^^^^^^^^^^^^^^^^^^^^
  File "/home/chinmay/projects/nitte_hack/backend/.venv/lib/python3.12/site-packages/sqlalchemy/engine/default.py", line 729, in _do_ping_w_event
    return self.do_ping(dbapi_connection)
           ^^^^^^^^^^^^^^^^^^^^^^^^^^^^^^
  File "/home/chinmay/projects/nitte_hack/backend/.venv/lib/python3.12/site-packages/sqlalchemy/dialects/postgresql/asyncpg.py", line 1160, in do_ping
    dbapi_connection.ping()
  File "/home/chinmay/projects/nitte_hack/backend/.venv/lib/python3.12/site-packages/sqlalchemy/dialects/postgresql/asyncpg.py", line 818, in ping
    self._handle_exception(error)
  File "/home/chinmay/projects/nitte_hack/backend/.venv/lib/python3.12/site-packages/sqlalchemy/dialects/postgresql/asyncpg.py", line 799, in _handle_exception
    raise error
  File "/home/chinmay/projects/nitte_hack/backend/.venv/lib/python3.12/site-packages/sqlalchemy/dialects/postgresql/asyncpg.py", line 816, in ping
    _ = self.await_(self._async_ping())
        ^^^^^^^^^^^^^^^^^^^^^^^^^^^^^^^
  File "/home/chinmay/projects/nitte_hack/backend/.venv/lib/python3.12/site-packages/sqlalchemy/util/_concurrency_py3k.py", line 132, in await_only
    return current.parent.switch(awaitable)  # type: ignore[no-any-return,attr-defined] # noqa: E501
           ^^^^^^^^^^^^^^^^^^^^^^^^^^^^^^^^
  File "/home/chinmay/projects/nitte_hack/backend/.venv/lib/python3.12/site-packages/sqlalchemy/util/_concurrency_py3k.py", line 196, in greenlet_spawn
    value = await result
            ^^^^^^^^^^^^
  File "/home/chinmay/projects/nitte_hack/backend/.venv/lib/python3.12/site-packages/sqlalchemy/dialects/postgresql/asyncpg.py", line 825, in _async_ping
    await tr.start()
  File "/home/chinmay/projects/nitte_hack/backend/.venv/lib/python3.12/site-packages/asyncpg/transaction.py", line 146, in start
    await self._connection.execute(query)
  File "/home/chinmay/projects/nitte_hack/backend/.venv/lib/python3.12/site-packages/asyncpg/connection.py", line 354, in execute
    result = await self._protocol.query(query, timeout)
             ^^^^^^^^^^^^^^^^^^^^^^^^^^^^^^^^^^^^^^^^^^
  File "asyncpg/protocol/protocol.pyx", line 369, in query
RuntimeError: Task <Task pending name='starlette.middleware.base.BaseHTTPMiddleware.__call__.<locals>.call_next.<locals>.coro' coro=<BaseHTTPMiddleware.__call__.<locals>.call_next.<locals>.coro() running at /home/chinmay/projects/nitte_hack/backend/.venv/lib/python3.12/site-packages/starlette/middleware/base.py:144> cb=[TaskGroup._spawn.<locals>.task_done() at /home/chinmay/projects/nitte_hack/backend/.venv/lib/python3.12/site-packages/anyio/_backends/_asyncio.py:821]> got Future <Future pending cb=[BaseProtocol._on_waiter_completed()]> attached to a different loop
2026-08-22 09:42:13 | INFO     | app.services.auth_service | User authenticated  user_id=59  login_id=ADMIN-TEST-2cf0e89e  role=UserRole.ADMIN
2026-08-22 09:42:13 | INFO     | app.middleware.request_id | POST /api/auth/login → 200  (218.8ms)  request_id=1c0a9ff7-5bdc-417a-b68a-1fef0e4c1dab
2026-08-22 09:42:13 | INFO     | httpx | HTTP Request: POST http://test/api/auth/login "HTTP/1.1 200 OK"
2026-08-22 09:42:13 | INFO     | app.services.employee_service | Employee created  employee_id=EMP-0028  user_id=60  email=emp-248ae840@hrms-test.com
2026-08-22 09:42:13 | INFO     | app.middleware.request_id | POST /api/employees → 201  (190.1ms)  request_id=9c85e890-0f83-42da-bfc8-bb2e8ee8ac7a
2026-08-22 09:42:13 | INFO     | httpx | HTTP Request: POST http://test/api/employees "HTTP/1.1 201 Created"
2026-08-22 09:42:13 | INFO     | app.services.auth_service | User authenticated  user_id=60  login_id=EMP-0028  role=UserRole.EMPLOYEE
2026-08-22 09:42:13 | INFO     | app.middleware.request_id | POST /api/auth/login → 200  (188.6ms)  request_id=30ecb7d1-a7de-4b19-a6f4-ac041f3a3a22
2026-08-22 09:42:13 | INFO     | httpx | HTTP Request: POST http://test/api/auth/login "HTTP/1.1 200 OK"
2026-08-22 09:42:13 | INFO     | app.services.leave_service | Leave request created  employee_id=28  leave_id=8  type=LeaveType.PAID  dates=2028-03-01→2028-03-03
2026-08-22 09:42:13 | INFO     | app.middleware.request_id | POST /api/leave → 201  (11.9ms)  request_id=7d44177d-b453-4d47-af54-d3b53d3c3181
2026-08-22 09:42:13 | INFO     | httpx | HTTP Request: POST http://test/api/leave "HTTP/1.1 201 Created"
2026-08-22 09:42:13 | INFO     | app.services.leave_service | Leave request decided  leave_id=8  status=LeaveStatus.APPROVED  admin_id=59
2026-08-22 09:42:13 | INFO     | app.middleware.request_id | PATCH /api/leave/8/decide → 200  (7.0ms)  request_id=0fc1642a-c5af-4c6d-962b-7a25bf07b718
2026-08-22 09:42:13 | INFO     | httpx | HTTP Request: PATCH http://test/api/leave/8/decide "HTTP/1.1 200 OK"
2026-08-22 09:42:13 | INFO     | app.middleware.request_id | PATCH /api/leave/8/decide → 409  (4.0ms)  request_id=e93c2893-377a-46a7-b20e-55de7c6c64d4
2026-08-22 09:42:13 | INFO     | httpx | HTTP Request: PATCH http://test/api/leave/8/decide "HTTP/1.1 409 Conflict"
2026-08-22 09:42:14 | ERROR    | sqlalchemy.pool.impl.AsyncAdaptedQueuePool | Exception terminating connection <AdaptedConnection <asyncpg.connection.Connection object at 0x7372e0bbe7b0>>
Traceback (most recent call last):
  File "/home/chinmay/projects/nitte_hack/backend/.venv/lib/python3.12/site-packages/sqlalchemy/pool/base.py", line 373, in _close_connection
    self._dialect.do_terminate(connection)
  File "/home/chinmay/projects/nitte_hack/backend/.venv/lib/python3.12/site-packages/sqlalchemy/dialects/postgresql/asyncpg.py", line 1127, in do_terminate
    dbapi_connection.terminate()
  File "/home/chinmay/projects/nitte_hack/backend/.venv/lib/python3.12/site-packages/sqlalchemy/connectors/asyncio.py", line 402, in terminate
    self.await_(asyncio.shield(self._terminate_graceful_close()))  # type: ignore[attr-defined] # noqa: E501
    ^^^^^^^^^^^^^^^^^^^^^^^^^^^^^^^^^^^^^^^^^^^^^^^^^^^^^^^^^^^^^
  File "/home/chinmay/projects/nitte_hack/backend/.venv/lib/python3.12/site-packages/sqlalchemy/util/_concurrency_py3k.py", line 132, in await_only
    return current.parent.switch(awaitable)  # type: ignore[no-any-return,attr-defined] # noqa: E501
           ^^^^^^^^^^^^^^^^^^^^^^^^^^^^^^^^
  File "/home/chinmay/projects/nitte_hack/backend/.venv/lib/python3.12/site-packages/sqlalchemy/util/_concurrency_py3k.py", line 196, in greenlet_spawn
    value = await result
            ^^^^^^^^^^^^
  File "/home/chinmay/projects/nitte_hack/backend/.venv/lib/python3.12/site-packages/sqlalchemy/dialects/postgresql/asyncpg.py", line 912, in _terminate_graceful_close
    await self._connection.close(timeout=2)
  File "/home/chinmay/projects/nitte_hack/backend/.venv/lib/python3.12/site-packages/asyncpg/connection.py", line 1513, in close
    await self._protocol.close(timeout)
  File "asyncpg/protocol/protocol.pyx", line 617, in close
  File "asyncpg/protocol/protocol.pyx", line 650, in asyncpg.protocol.protocol.BaseProtocol._request_cancel
  File "/home/chinmay/projects/nitte_hack/backend/.venv/lib/python3.12/site-packages/asyncpg/connection.py", line 1682, in _cancel_current_command
    self._cancellations.add(self._loop.create_task(self._cancel(waiter)))
                            ^^^^^^^^^^^^^^^^^^^^^^^^^^^^^^^^^^^^^^^^^^^^
  File "/usr/lib/python3.12/asyncio/base_events.py", line 456, in create_task
    self._check_closed()
  File "/usr/lib/python3.12/asyncio/base_events.py", line 541, in _check_closed
    raise RuntimeError('Event loop is closed')
RuntimeError: Event loop is closed
2026-08-22 09:42:14 | ERROR    | app.main | Unhandled exception  method=POST  path=/api/auth/login  request_id=8d57bd0c-33d4-4835-b293-83ca11014fb1
Traceback (most recent call last):
  File "/home/chinmay/projects/nitte_hack/backend/.venv/lib/python3.12/site-packages/starlette/middleware/errors.py", line 164, in __call__
    await self.app(scope, receive, _send)
  File "/home/chinmay/projects/nitte_hack/backend/.venv/lib/python3.12/site-packages/starlette/middleware/cors.py", line 88, in __call__
    await self.app(scope, receive, send)
  File "/home/chinmay/projects/nitte_hack/backend/.venv/lib/python3.12/site-packages/starlette/middleware/base.py", line 191, in __call__
    with recv_stream, send_stream, collapse_excgroups():
  File "/usr/lib/python3.12/contextlib.py", line 158, in __exit__
    self.gen.throw(value)
  File "/home/chinmay/projects/nitte_hack/backend/.venv/lib/python3.12/site-packages/starlette/_utils.py", line 87, in collapse_excgroups
    raise exc
  File "/home/chinmay/projects/nitte_hack/backend/.venv/lib/python3.12/site-packages/starlette/middleware/base.py", line 193, in __call__
    response = await self.dispatch_func(request, call_next)
               ^^^^^^^^^^^^^^^^^^^^^^^^^^^^^^^^^^^^^^^^^^^^
  File "/home/chinmay/projects/nitte_hack/backend/app/middleware/request_id.py", line 26, in dispatch
    response: Response = await call_next(request)
                         ^^^^^^^^^^^^^^^^^^^^^^^^
  File "/home/chinmay/projects/nitte_hack/backend/.venv/lib/python3.12/site-packages/starlette/middleware/base.py", line 168, in call_next
    raise app_exc from app_exc.__cause__ or app_exc.__context__
  File "/home/chinmay/projects/nitte_hack/backend/.venv/lib/python3.12/site-packages/starlette/middleware/base.py", line 144, in coro
    await self.app(scope, receive_or_disconnect, send_no_error)
  File "/home/chinmay/projects/nitte_hack/backend/.venv/lib/python3.12/site-packages/starlette/middleware/exceptions.py", line 63, in __call__
    await wrap_app_handling_exceptions(self.app, conn)(scope, receive, send)
  File "/home/chinmay/projects/nitte_hack/backend/.venv/lib/python3.12/site-packages/starlette/_exception_handler.py", line 53, in wrapped_app
    raise exc
  File "/home/chinmay/projects/nitte_hack/backend/.venv/lib/python3.12/site-packages/starlette/_exception_handler.py", line 42, in wrapped_app
    await app(scope, receive, sender)
  File "/home/chinmay/projects/nitte_hack/backend/.venv/lib/python3.12/site-packages/fastapi/middleware/asyncexitstack.py", line 18, in __call__
    await self.app(scope, receive, send)
  File "/home/chinmay/projects/nitte_hack/backend/.venv/lib/python3.12/site-packages/starlette/routing.py", line 660, in __call__
    await self.middleware_stack(scope, receive, send)
  File "/home/chinmay/projects/nitte_hack/backend/.venv/lib/python3.12/site-packages/starlette/routing.py", line 680, in app
    await route.handle(scope, receive, send)
  File "/home/chinmay/projects/nitte_hack/backend/.venv/lib/python3.12/site-packages/starlette/routing.py", line 276, in handle
    await self.app(scope, receive, send)
  File "/home/chinmay/projects/nitte_hack/backend/.venv/lib/python3.12/site-packages/fastapi/routing.py", line 134, in app
    await wrap_app_handling_exceptions(app, request)(scope, receive, send)
  File "/home/chinmay/projects/nitte_hack/backend/.venv/lib/python3.12/site-packages/starlette/_exception_handler.py", line 53, in wrapped_app
    raise exc
  File "/home/chinmay/projects/nitte_hack/backend/.venv/lib/python3.12/site-packages/starlette/_exception_handler.py", line 42, in wrapped_app
    await app(scope, receive, sender)
  File "/home/chinmay/projects/nitte_hack/backend/.venv/lib/python3.12/site-packages/fastapi/routing.py", line 120, in app
    response = await f(request)
               ^^^^^^^^^^^^^^^^
  File "/home/chinmay/projects/nitte_hack/backend/.venv/lib/python3.12/site-packages/fastapi/routing.py", line 674, in app
    raw_response = await run_endpoint_function(
                   ^^^^^^^^^^^^^^^^^^^^^^^^^^^^
  File "/home/chinmay/projects/nitte_hack/backend/.venv/lib/python3.12/site-packages/fastapi/routing.py", line 328, in run_endpoint_function
    return await dependant.call(**values)
           ^^^^^^^^^^^^^^^^^^^^^^^^^^^^^^
  File "/home/chinmay/projects/nitte_hack/backend/app/api/auth.py", line 29, in login
    return await auth_service.authenticate_user(db, credentials.login_id, credentials.password)
           ^^^^^^^^^^^^^^^^^^^^^^^^^^^^^^^^^^^^^^^^^^^^^^^^^^^^^^^^^^^^^^^^^^^^^^^^^^^^^^^^^^^^
  File "/home/chinmay/projects/nitte_hack/backend/app/services/auth_service.py", line 27, in authenticate_user
    result = await db.execute(
             ^^^^^^^^^^^^^^^^^
  File "/home/chinmay/projects/nitte_hack/backend/.venv/lib/python3.12/site-packages/sqlalchemy/ext/asyncio/session.py", line 449, in execute
    result = await greenlet_spawn(
             ^^^^^^^^^^^^^^^^^^^^^
  File "/home/chinmay/projects/nitte_hack/backend/.venv/lib/python3.12/site-packages/sqlalchemy/util/_concurrency_py3k.py", line 201, in greenlet_spawn
    result = context.throw(*sys.exc_info())
             ^^^^^^^^^^^^^^^^^^^^^^^^^^^^^^
  File "/home/chinmay/projects/nitte_hack/backend/.venv/lib/python3.12/site-packages/sqlalchemy/orm/session.py", line 2351, in execute
    return self._execute_internal(
           ^^^^^^^^^^^^^^^^^^^^^^^
  File "/home/chinmay/projects/nitte_hack/backend/.venv/lib/python3.12/site-packages/sqlalchemy/orm/session.py", line 2239, in _execute_internal
    conn = self._connection_for_bind(bind)
           ^^^^^^^^^^^^^^^^^^^^^^^^^^^^^^^
  File "/home/chinmay/projects/nitte_hack/backend/.venv/lib/python3.12/site-packages/sqlalchemy/orm/session.py", line 2108, in _connection_for_bind
    return trans._connection_for_bind(engine, execution_options)
           ^^^^^^^^^^^^^^^^^^^^^^^^^^^^^^^^^^^^^^^^^^^^^^^^^^^^^
  File "<string>", line 2, in _connection_for_bind
  File "/home/chinmay/projects/nitte_hack/backend/.venv/lib/python3.12/site-packages/sqlalchemy/orm/state_changes.py", line 137, in _go
    ret_value = fn(self, *arg, **kw)
                ^^^^^^^^^^^^^^^^^^^^
  File "/home/chinmay/projects/nitte_hack/backend/.venv/lib/python3.12/site-packages/sqlalchemy/orm/session.py", line 1187, in _connection_for_bind
    conn = bind.connect()
           ^^^^^^^^^^^^^^
  File "/home/chinmay/projects/nitte_hack/backend/.venv/lib/python3.12/site-packages/sqlalchemy/engine/base.py", line 3293, in connect
    return self._connection_cls(self)
           ^^^^^^^^^^^^^^^^^^^^^^^^^^
  File "/home/chinmay/projects/nitte_hack/backend/.venv/lib/python3.12/site-packages/sqlalchemy/engine/base.py", line 143, in __init__
    self._dbapi_connection = engine.raw_connection()
                             ^^^^^^^^^^^^^^^^^^^^^^^
  File "/home/chinmay/projects/nitte_hack/backend/.venv/lib/python3.12/site-packages/sqlalchemy/engine/base.py", line 3317, in raw_connection
    return self.pool.connect()
           ^^^^^^^^^^^^^^^^^^^
  File "/home/chinmay/projects/nitte_hack/backend/.venv/lib/python3.12/site-packages/sqlalchemy/pool/base.py", line 448, in connect
    return _ConnectionFairy._checkout(self)
           ^^^^^^^^^^^^^^^^^^^^^^^^^^^^^^^^
  File "/home/chinmay/projects/nitte_hack/backend/.venv/lib/python3.12/site-packages/sqlalchemy/pool/base.py", line 1371, in _checkout
    with util.safe_reraise():
  File "/home/chinmay/projects/nitte_hack/backend/.venv/lib/python3.12/site-packages/sqlalchemy/util/langhelpers.py", line 121, in __exit__
    raise exc_value.with_traceback(exc_tb)
  File "/home/chinmay/projects/nitte_hack/backend/.venv/lib/python3.12/site-packages/sqlalchemy/pool/base.py", line 1309, in _checkout
    result = pool._dialect._do_ping_w_event(
             ^^^^^^^^^^^^^^^^^^^^^^^^^^^^^^^
  File "/home/chinmay/projects/nitte_hack/backend/.venv/lib/python3.12/site-packages/sqlalchemy/engine/default.py", line 729, in _do_ping_w_event
    return self.do_ping(dbapi_connection)
           ^^^^^^^^^^^^^^^^^^^^^^^^^^^^^^
  File "/home/chinmay/projects/nitte_hack/backend/.venv/lib/python3.12/site-packages/sqlalchemy/dialects/postgresql/asyncpg.py", line 1160, in do_ping
    dbapi_connection.ping()
  File "/home/chinmay/projects/nitte_hack/backend/.venv/lib/python3.12/site-packages/sqlalchemy/dialects/postgresql/asyncpg.py", line 818, in ping
    self._handle_exception(error)
  File "/home/chinmay/projects/nitte_hack/backend/.venv/lib/python3.12/site-packages/sqlalchemy/dialects/postgresql/asyncpg.py", line 799, in _handle_exception
    raise error
  File "/home/chinmay/projects/nitte_hack/backend/.venv/lib/python3.12/site-packages/sqlalchemy/dialects/postgresql/asyncpg.py", line 816, in ping
    _ = self.await_(self._async_ping())
        ^^^^^^^^^^^^^^^^^^^^^^^^^^^^^^^
  File "/home/chinmay/projects/nitte_hack/backend/.venv/lib/python3.12/site-packages/sqlalchemy/util/_concurrency_py3k.py", line 132, in await_only
    return current.parent.switch(awaitable)  # type: ignore[no-any-return,attr-defined] # noqa: E501
           ^^^^^^^^^^^^^^^^^^^^^^^^^^^^^^^^
  File "/home/chinmay/projects/nitte_hack/backend/.venv/lib/python3.12/site-packages/sqlalchemy/util/_concurrency_py3k.py", line 196, in greenlet_spawn
    value = await result
            ^^^^^^^^^^^^
  File "/home/chinmay/projects/nitte_hack/backend/.venv/lib/python3.12/site-packages/sqlalchemy/dialects/postgresql/asyncpg.py", line 825, in _async_ping
    await tr.start()
  File "/home/chinmay/projects/nitte_hack/backend/.venv/lib/python3.12/site-packages/asyncpg/transaction.py", line 146, in start
    await self._connection.execute(query)
  File "/home/chinmay/projects/nitte_hack/backend/.venv/lib/python3.12/site-packages/asyncpg/connection.py", line 354, in execute
    result = await self._protocol.query(query, timeout)
             ^^^^^^^^^^^^^^^^^^^^^^^^^^^^^^^^^^^^^^^^^^
  File "asyncpg/protocol/protocol.pyx", line 369, in query
RuntimeError: Task <Task pending name='starlette.middleware.base.BaseHTTPMiddleware.__call__.<locals>.call_next.<locals>.coro' coro=<BaseHTTPMiddleware.__call__.<locals>.call_next.<locals>.coro() running at /home/chinmay/projects/nitte_hack/backend/.venv/lib/python3.12/site-packages/starlette/middleware/base.py:144> cb=[TaskGroup._spawn.<locals>.task_done() at /home/chinmay/projects/nitte_hack/backend/.venv/lib/python3.12/site-packages/anyio/_backends/_asyncio.py:821]> got Future <Future pending cb=[BaseProtocol._on_waiter_completed()]> attached to a different loop
2026-08-22 09:42:14 | INFO     | app.services.auth_service | User authenticated  user_id=62  login_id=ADMIN-TEST-0f3c1164  role=UserRole.ADMIN
2026-08-22 09:42:14 | INFO     | app.middleware.request_id | POST /api/auth/login → 200  (195.4ms)  request_id=43f6721a-b9b3-4614-a093-396c83d3f420
2026-08-22 09:42:14 | INFO     | httpx | HTTP Request: POST http://test/api/auth/login "HTTP/1.1 200 OK"
2026-08-22 09:42:14 | INFO     | app.services.employee_service | Employee created  employee_id=EMP-0029  user_id=63  email=emp-99f7fa01@hrms-test.com
2026-08-22 09:42:14 | INFO     | app.middleware.request_id | POST /api/employees → 201  (181.3ms)  request_id=9a100496-b09b-439c-814a-44c11cd1c59f
2026-08-22 09:42:14 | INFO     | httpx | HTTP Request: POST http://test/api/employees "HTTP/1.1 201 Created"
2026-08-22 09:42:15 | INFO     | app.services.auth_service | User authenticated  user_id=63  login_id=EMP-0029  role=UserRole.EMPLOYEE
2026-08-22 09:42:15 | INFO     | app.middleware.request_id | POST /api/auth/login → 200  (171.6ms)  request_id=db51bb52-fb4c-461d-a46a-f221b55d24d8
2026-08-22 09:42:15 | INFO     | httpx | HTTP Request: POST http://test/api/auth/login "HTTP/1.1 200 OK"
2026-08-22 09:42:15 | INFO     | app.services.employee_service | Employee created  employee_id=EMP-0030  user_id=64  email=b-34fe50@t.com
2026-08-22 09:42:15 | INFO     | app.middleware.request_id | POST /api/employees → 201  (178.5ms)  request_id=7cd189b4-1787-4e12-85b4-b465a4ab4543
2026-08-22 09:42:15 | INFO     | httpx | HTTP Request: POST http://test/api/employees "HTTP/1.1 201 Created"
2026-08-22 09:42:15 | INFO     | app.services.auth_service | User authenticated  user_id=64  login_id=EMP-0030  role=UserRole.EMPLOYEE
2026-08-22 09:42:15 | INFO     | app.middleware.request_id | POST /api/auth/login → 200  (175.4ms)  request_id=9f075f8e-7352-4019-9128-04e7e3921fd0
2026-08-22 09:42:15 | INFO     | httpx | HTTP Request: POST http://test/api/auth/login "HTTP/1.1 200 OK"
2026-08-22 09:42:15 | INFO     | app.services.leave_service | Leave request created  employee_id=30  leave_id=9  type=LeaveType.PAID  dates=2028-07-01→2028-07-03
2026-08-22 09:42:15 | INFO     | app.middleware.request_id | POST /api/leave → 201  (8.9ms)  request_id=9abc14b4-3a00-4146-9188-1cbf7a89a82a
2026-08-22 09:42:15 | INFO     | httpx | HTTP Request: POST http://test/api/leave "HTTP/1.1 201 Created"
2026-08-22 09:42:15 | INFO     | app.middleware.request_id | GET /api/leave/9 → 403  (1.8ms)  request_id=6d2e9d43-6d66-4e3d-8755-3f96571d69b1
2026-08-22 09:42:15 | INFO     | httpx | HTTP Request: GET http://test/api/leave/9 "HTTP/1.1 403 Forbidden"
2026-08-22 09:42:15 | ERROR    | sqlalchemy.pool.impl.AsyncAdaptedQueuePool | Exception terminating connection <AdaptedConnection <asyncpg.connection.Connection object at 0x7372e0bbdb80>>
Traceback (most recent call last):
  File "/home/chinmay/projects/nitte_hack/backend/.venv/lib/python3.12/site-packages/sqlalchemy/pool/base.py", line 373, in _close_connection
    self._dialect.do_terminate(connection)
  File "/home/chinmay/projects/nitte_hack/backend/.venv/lib/python3.12/site-packages/sqlalchemy/dialects/postgresql/asyncpg.py", line 1127, in do_terminate
    dbapi_connection.terminate()
  File "/home/chinmay/projects/nitte_hack/backend/.venv/lib/python3.12/site-packages/sqlalchemy/connectors/asyncio.py", line 402, in terminate
    self.await_(asyncio.shield(self._terminate_graceful_close()))  # type: ignore[attr-defined] # noqa: E501
    ^^^^^^^^^^^^^^^^^^^^^^^^^^^^^^^^^^^^^^^^^^^^^^^^^^^^^^^^^^^^^
  File "/home/chinmay/projects/nitte_hack/backend/.venv/lib/python3.12/site-packages/sqlalchemy/util/_concurrency_py3k.py", line 132, in await_only
    return current.parent.switch(awaitable)  # type: ignore[no-any-return,attr-defined] # noqa: E501
           ^^^^^^^^^^^^^^^^^^^^^^^^^^^^^^^^
  File "/home/chinmay/projects/nitte_hack/backend/.venv/lib/python3.12/site-packages/sqlalchemy/util/_concurrency_py3k.py", line 196, in greenlet_spawn
    value = await result
            ^^^^^^^^^^^^
  File "/home/chinmay/projects/nitte_hack/backend/.venv/lib/python3.12/site-packages/sqlalchemy/dialects/postgresql/asyncpg.py", line 912, in _terminate_graceful_close
    await self._connection.close(timeout=2)
  File "/home/chinmay/projects/nitte_hack/backend/.venv/lib/python3.12/site-packages/asyncpg/connection.py", line 1513, in close
    await self._protocol.close(timeout)
  File "asyncpg/protocol/protocol.pyx", line 617, in close
  File "asyncpg/protocol/protocol.pyx", line 650, in asyncpg.protocol.protocol.BaseProtocol._request_cancel
  File "/home/chinmay/projects/nitte_hack/backend/.venv/lib/python3.12/site-packages/asyncpg/connection.py", line 1682, in _cancel_current_command
    self._cancellations.add(self._loop.create_task(self._cancel(waiter)))
                            ^^^^^^^^^^^^^^^^^^^^^^^^^^^^^^^^^^^^^^^^^^^^
  File "/usr/lib/python3.12/asyncio/base_events.py", line 456, in create_task
    self._check_closed()
  File "/usr/lib/python3.12/asyncio/base_events.py", line 541, in _check_closed
    raise RuntimeError('Event loop is closed')
RuntimeError: Event loop is closed
2026-08-22 09:42:15 | ERROR    | app.main | Unhandled exception  method=POST  path=/api/auth/login  request_id=d74cb319-92fe-41aa-92c0-5ed38a04e297
Traceback (most recent call last):
  File "/home/chinmay/projects/nitte_hack/backend/.venv/lib/python3.12/site-packages/starlette/middleware/errors.py", line 164, in __call__
    await self.app(scope, receive, _send)
  File "/home/chinmay/projects/nitte_hack/backend/.venv/lib/python3.12/site-packages/starlette/middleware/cors.py", line 88, in __call__
    await self.app(scope, receive, send)
  File "/home/chinmay/projects/nitte_hack/backend/.venv/lib/python3.12/site-packages/starlette/middleware/base.py", line 191, in __call__
    with recv_stream, send_stream, collapse_excgroups():
  File "/usr/lib/python3.12/contextlib.py", line 158, in __exit__
    self.gen.throw(value)
  File "/home/chinmay/projects/nitte_hack/backend/.venv/lib/python3.12/site-packages/starlette/_utils.py", line 87, in collapse_excgroups
    raise exc
  File "/home/chinmay/projects/nitte_hack/backend/.venv/lib/python3.12/site-packages/starlette/middleware/base.py", line 193, in __call__
    response = await self.dispatch_func(request, call_next)
               ^^^^^^^^^^^^^^^^^^^^^^^^^^^^^^^^^^^^^^^^^^^^
  File "/home/chinmay/projects/nitte_hack/backend/app/middleware/request_id.py", line 26, in dispatch
    response: Response = await call_next(request)
                         ^^^^^^^^^^^^^^^^^^^^^^^^
  File "/home/chinmay/projects/nitte_hack/backend/.venv/lib/python3.12/site-packages/starlette/middleware/base.py", line 168, in call_next
    raise app_exc from app_exc.__cause__ or app_exc.__context__
  File "/home/chinmay/projects/nitte_hack/backend/.venv/lib/python3.12/site-packages/starlette/middleware/base.py", line 144, in coro
    await self.app(scope, receive_or_disconnect, send_no_error)
  File "/home/chinmay/projects/nitte_hack/backend/.venv/lib/python3.12/site-packages/starlette/middleware/exceptions.py", line 63, in __call__
    await wrap_app_handling_exceptions(self.app, conn)(scope, receive, send)
  File "/home/chinmay/projects/nitte_hack/backend/.venv/lib/python3.12/site-packages/starlette/_exception_handler.py", line 53, in wrapped_app
    raise exc
  File "/home/chinmay/projects/nitte_hack/backend/.venv/lib/python3.12/site-packages/starlette/_exception_handler.py", line 42, in wrapped_app
    await app(scope, receive, sender)
  File "/home/chinmay/projects/nitte_hack/backend/.venv/lib/python3.12/site-packages/fastapi/middleware/asyncexitstack.py", line 18, in __call__
    await self.app(scope, receive, send)
  File "/home/chinmay/projects/nitte_hack/backend/.venv/lib/python3.12/site-packages/starlette/routing.py", line 660, in __call__
    await self.middleware_stack(scope, receive, send)
  File "/home/chinmay/projects/nitte_hack/backend/.venv/lib/python3.12/site-packages/starlette/routing.py", line 680, in app
    await route.handle(scope, receive, send)
  File "/home/chinmay/projects/nitte_hack/backend/.venv/lib/python3.12/site-packages/starlette/routing.py", line 276, in handle
    await self.app(scope, receive, send)
  File "/home/chinmay/projects/nitte_hack/backend/.venv/lib/python3.12/site-packages/fastapi/routing.py", line 134, in app
    await wrap_app_handling_exceptions(app, request)(scope, receive, send)
  File "/home/chinmay/projects/nitte_hack/backend/.venv/lib/python3.12/site-packages/starlette/_exception_handler.py", line 53, in wrapped_app
    raise exc
  File "/home/chinmay/projects/nitte_hack/backend/.venv/lib/python3.12/site-packages/starlette/_exception_handler.py", line 42, in wrapped_app
    await app(scope, receive, sender)
  File "/home/chinmay/projects/nitte_hack/backend/.venv/lib/python3.12/site-packages/fastapi/routing.py", line 120, in app
    response = await f(request)
               ^^^^^^^^^^^^^^^^
  File "/home/chinmay/projects/nitte_hack/backend/.venv/lib/python3.12/site-packages/fastapi/routing.py", line 674, in app
    raw_response = await run_endpoint_function(
                   ^^^^^^^^^^^^^^^^^^^^^^^^^^^^
  File "/home/chinmay/projects/nitte_hack/backend/.venv/lib/python3.12/site-packages/fastapi/routing.py", line 328, in run_endpoint_function
    return await dependant.call(**values)
           ^^^^^^^^^^^^^^^^^^^^^^^^^^^^^^
  File "/home/chinmay/projects/nitte_hack/backend/app/api/auth.py", line 29, in login
    return await auth_service.authenticate_user(db, credentials.login_id, credentials.password)
           ^^^^^^^^^^^^^^^^^^^^^^^^^^^^^^^^^^^^^^^^^^^^^^^^^^^^^^^^^^^^^^^^^^^^^^^^^^^^^^^^^^^^
  File "/home/chinmay/projects/nitte_hack/backend/app/services/auth_service.py", line 27, in authenticate_user
    result = await db.execute(
             ^^^^^^^^^^^^^^^^^
  File "/home/chinmay/projects/nitte_hack/backend/.venv/lib/python3.12/site-packages/sqlalchemy/ext/asyncio/session.py", line 449, in execute
    result = await greenlet_spawn(
             ^^^^^^^^^^^^^^^^^^^^^
  File "/home/chinmay/projects/nitte_hack/backend/.venv/lib/python3.12/site-packages/sqlalchemy/util/_concurrency_py3k.py", line 201, in greenlet_spawn
    result = context.throw(*sys.exc_info())
             ^^^^^^^^^^^^^^^^^^^^^^^^^^^^^^
  File "/home/chinmay/projects/nitte_hack/backend/.venv/lib/python3.12/site-packages/sqlalchemy/orm/session.py", line 2351, in execute
    return self._execute_internal(
           ^^^^^^^^^^^^^^^^^^^^^^^
  File "/home/chinmay/projects/nitte_hack/backend/.venv/lib/python3.12/site-packages/sqlalchemy/orm/session.py", line 2239, in _execute_internal
    conn = self._connection_for_bind(bind)
           ^^^^^^^^^^^^^^^^^^^^^^^^^^^^^^^
  File "/home/chinmay/projects/nitte_hack/backend/.venv/lib/python3.12/site-packages/sqlalchemy/orm/session.py", line 2108, in _connection_for_bind
    return trans._connection_for_bind(engine, execution_options)
           ^^^^^^^^^^^^^^^^^^^^^^^^^^^^^^^^^^^^^^^^^^^^^^^^^^^^^
  File "<string>", line 2, in _connection_for_bind
  File "/home/chinmay/projects/nitte_hack/backend/.venv/lib/python3.12/site-packages/sqlalchemy/orm/state_changes.py", line 137, in _go
    ret_value = fn(self, *arg, **kw)
                ^^^^^^^^^^^^^^^^^^^^
  File "/home/chinmay/projects/nitte_hack/backend/.venv/lib/python3.12/site-packages/sqlalchemy/orm/session.py", line 1187, in _connection_for_bind
    conn = bind.connect()
           ^^^^^^^^^^^^^^
  File "/home/chinmay/projects/nitte_hack/backend/.venv/lib/python3.12/site-packages/sqlalchemy/engine/base.py", line 3293, in connect
    return self._connection_cls(self)
           ^^^^^^^^^^^^^^^^^^^^^^^^^^
  File "/home/chinmay/projects/nitte_hack/backend/.venv/lib/python3.12/site-packages/sqlalchemy/engine/base.py", line 143, in __init__
    self._dbapi_connection = engine.raw_connection()
                             ^^^^^^^^^^^^^^^^^^^^^^^
  File "/home/chinmay/projects/nitte_hack/backend/.venv/lib/python3.12/site-packages/sqlalchemy/engine/base.py", line 3317, in raw_connection
    return self.pool.connect()
           ^^^^^^^^^^^^^^^^^^^
  File "/home/chinmay/projects/nitte_hack/backend/.venv/lib/python3.12/site-packages/sqlalchemy/pool/base.py", line 448, in connect
    return _ConnectionFairy._checkout(self)
           ^^^^^^^^^^^^^^^^^^^^^^^^^^^^^^^^
  File "/home/chinmay/projects/nitte_hack/backend/.venv/lib/python3.12/site-packages/sqlalchemy/pool/base.py", line 1371, in _checkout
    with util.safe_reraise():
  File "/home/chinmay/projects/nitte_hack/backend/.venv/lib/python3.12/site-packages/sqlalchemy/util/langhelpers.py", line 121, in __exit__
    raise exc_value.with_traceback(exc_tb)
  File "/home/chinmay/projects/nitte_hack/backend/.venv/lib/python3.12/site-packages/sqlalchemy/pool/base.py", line 1309, in _checkout
    result = pool._dialect._do_ping_w_event(
             ^^^^^^^^^^^^^^^^^^^^^^^^^^^^^^^
  File "/home/chinmay/projects/nitte_hack/backend/.venv/lib/python3.12/site-packages/sqlalchemy/engine/default.py", line 729, in _do_ping_w_event
    return self.do_ping(dbapi_connection)
           ^^^^^^^^^^^^^^^^^^^^^^^^^^^^^^
  File "/home/chinmay/projects/nitte_hack/backend/.venv/lib/python3.12/site-packages/sqlalchemy/dialects/postgresql/asyncpg.py", line 1160, in do_ping
    dbapi_connection.ping()
  File "/home/chinmay/projects/nitte_hack/backend/.venv/lib/python3.12/site-packages/sqlalchemy/dialects/postgresql/asyncpg.py", line 818, in ping
    self._handle_exception(error)
  File "/home/chinmay/projects/nitte_hack/backend/.venv/lib/python3.12/site-packages/sqlalchemy/dialects/postgresql/asyncpg.py", line 799, in _handle_exception
    raise error
  File "/home/chinmay/projects/nitte_hack/backend/.venv/lib/python3.12/site-packages/sqlalchemy/dialects/postgresql/asyncpg.py", line 816, in ping
    _ = self.await_(self._async_ping())
        ^^^^^^^^^^^^^^^^^^^^^^^^^^^^^^^
  File "/home/chinmay/projects/nitte_hack/backend/.venv/lib/python3.12/site-packages/sqlalchemy/util/_concurrency_py3k.py", line 132, in await_only
    return current.parent.switch(awaitable)  # type: ignore[no-any-return,attr-defined] # noqa: E501
           ^^^^^^^^^^^^^^^^^^^^^^^^^^^^^^^^
  File "/home/chinmay/projects/nitte_hack/backend/.venv/lib/python3.12/site-packages/sqlalchemy/util/_concurrency_py3k.py", line 196, in greenlet_spawn
    value = await result
            ^^^^^^^^^^^^
  File "/home/chinmay/projects/nitte_hack/backend/.venv/lib/python3.12/site-packages/sqlalchemy/dialects/postgresql/asyncpg.py", line 825, in _async_ping
    await tr.start()
  File "/home/chinmay/projects/nitte_hack/backend/.venv/lib/python3.12/site-packages/asyncpg/transaction.py", line 146, in start
    await self._connection.execute(query)
  File "/home/chinmay/projects/nitte_hack/backend/.venv/lib/python3.12/site-packages/asyncpg/connection.py", line 354, in execute
    result = await self._protocol.query(query, timeout)
             ^^^^^^^^^^^^^^^^^^^^^^^^^^^^^^^^^^^^^^^^^^
  File "asyncpg/protocol/protocol.pyx", line 369, in query
RuntimeError: Task <Task pending name='starlette.middleware.base.BaseHTTPMiddleware.__call__.<locals>.call_next.<locals>.coro' coro=<BaseHTTPMiddleware.__call__.<locals>.call_next.<locals>.coro() running at /home/chinmay/projects/nitte_hack/backend/.venv/lib/python3.12/site-packages/starlette/middleware/base.py:144> cb=[TaskGroup._spawn.<locals>.task_done() at /home/chinmay/projects/nitte_hack/backend/.venv/lib/python3.12/site-packages/anyio/_backends/_asyncio.py:821]> got Future <Future pending cb=[BaseProtocol._on_waiter_completed()]> attached to a different loop
2026-08-22 09:42:16 | INFO     | app.services.auth_service | User authenticated  user_id=66  login_id=ADMIN-TEST-46a97853  role=UserRole.ADMIN
2026-08-22 09:42:16 | INFO     | app.middleware.request_id | POST /api/auth/login → 200  (237.8ms)  request_id=4c36f6ea-4018-4693-826e-3fbaa24186d4
2026-08-22 09:42:16 | INFO     | httpx | HTTP Request: POST http://test/api/auth/login "HTTP/1.1 200 OK"
2026-08-22 09:42:16 | INFO     | app.services.employee_service | Employee created  employee_id=EMP-0031  user_id=67  email=emp-52fbe8d3@hrms-test.com
2026-08-22 09:42:16 | INFO     | app.middleware.request_id | POST /api/employees → 201  (179.1ms)  request_id=55223f46-5ab7-42c7-b14d-6fc56daded84
2026-08-22 09:42:16 | INFO     | httpx | HTTP Request: POST http://test/api/employees "HTTP/1.1 201 Created"
2026-08-22 09:42:16 | INFO     | app.services.payroll_service | Salary structure created  employee_id=31
2026-08-22 09:42:16 | INFO     | app.middleware.request_id | POST /api/payroll/31 → 201  (5.6ms)  request_id=997f03b4-56c3-44f3-9d5f-56f96e5012b0
2026-08-22 09:42:16 | INFO     | httpx | HTTP Request: POST http://test/api/payroll/31 "HTTP/1.1 201 Created"
2026-08-22 09:42:16 | ERROR    | sqlalchemy.pool.impl.AsyncAdaptedQueuePool | Exception terminating connection <AdaptedConnection <asyncpg.connection.Connection object at 0x7372e0b40050>>
Traceback (most recent call last):
  File "/home/chinmay/projects/nitte_hack/backend/.venv/lib/python3.12/site-packages/sqlalchemy/pool/base.py", line 373, in _close_connection
    self._dialect.do_terminate(connection)
  File "/home/chinmay/projects/nitte_hack/backend/.venv/lib/python3.12/site-packages/sqlalchemy/dialects/postgresql/asyncpg.py", line 1127, in do_terminate
    dbapi_connection.terminate()
  File "/home/chinmay/projects/nitte_hack/backend/.venv/lib/python3.12/site-packages/sqlalchemy/connectors/asyncio.py", line 402, in terminate
    self.await_(asyncio.shield(self._terminate_graceful_close()))  # type: ignore[attr-defined] # noqa: E501
    ^^^^^^^^^^^^^^^^^^^^^^^^^^^^^^^^^^^^^^^^^^^^^^^^^^^^^^^^^^^^^
  File "/home/chinmay/projects/nitte_hack/backend/.venv/lib/python3.12/site-packages/sqlalchemy/util/_concurrency_py3k.py", line 132, in await_only
    return current.parent.switch(awaitable)  # type: ignore[no-any-return,attr-defined] # noqa: E501
           ^^^^^^^^^^^^^^^^^^^^^^^^^^^^^^^^
  File "/home/chinmay/projects/nitte_hack/backend/.venv/lib/python3.12/site-packages/sqlalchemy/util/_concurrency_py3k.py", line 196, in greenlet_spawn
    value = await result
            ^^^^^^^^^^^^
  File "/home/chinmay/projects/nitte_hack/backend/.venv/lib/python3.12/site-packages/sqlalchemy/dialects/postgresql/asyncpg.py", line 912, in _terminate_graceful_close
    await self._connection.close(timeout=2)
  File "/home/chinmay/projects/nitte_hack/backend/.venv/lib/python3.12/site-packages/asyncpg/connection.py", line 1513, in close
    await self._protocol.close(timeout)
  File "asyncpg/protocol/protocol.pyx", line 617, in close
  File "asyncpg/protocol/protocol.pyx", line 650, in asyncpg.protocol.protocol.BaseProtocol._request_cancel
  File "/home/chinmay/projects/nitte_hack/backend/.venv/lib/python3.12/site-packages/asyncpg/connection.py", line 1682, in _cancel_current_command
    self._cancellations.add(self._loop.create_task(self._cancel(waiter)))
                            ^^^^^^^^^^^^^^^^^^^^^^^^^^^^^^^^^^^^^^^^^^^^
  File "/usr/lib/python3.12/asyncio/base_events.py", line 456, in create_task
    self._check_closed()
  File "/usr/lib/python3.12/asyncio/base_events.py", line 541, in _check_closed
    raise RuntimeError('Event loop is closed')
RuntimeError: Event loop is closed
2026-08-22 09:42:16 | ERROR    | app.main | Unhandled exception  method=POST  path=/api/auth/login  request_id=1a219395-79fa-47b2-9c5f-c4289d6767bd
Traceback (most recent call last):
  File "/home/chinmay/projects/nitte_hack/backend/.venv/lib/python3.12/site-packages/starlette/middleware/errors.py", line 164, in __call__
    await self.app(scope, receive, _send)
  File "/home/chinmay/projects/nitte_hack/backend/.venv/lib/python3.12/site-packages/starlette/middleware/cors.py", line 88, in __call__
    await self.app(scope, receive, send)
  File "/home/chinmay/projects/nitte_hack/backend/.venv/lib/python3.12/site-packages/starlette/middleware/base.py", line 191, in __call__
    with recv_stream, send_stream, collapse_excgroups():
  File "/usr/lib/python3.12/contextlib.py", line 158, in __exit__
    self.gen.throw(value)
  File "/home/chinmay/projects/nitte_hack/backend/.venv/lib/python3.12/site-packages/starlette/_utils.py", line 87, in collapse_excgroups
    raise exc
  File "/home/chinmay/projects/nitte_hack/backend/.venv/lib/python3.12/site-packages/starlette/middleware/base.py", line 193, in __call__
    response = await self.dispatch_func(request, call_next)
               ^^^^^^^^^^^^^^^^^^^^^^^^^^^^^^^^^^^^^^^^^^^^
  File "/home/chinmay/projects/nitte_hack/backend/app/middleware/request_id.py", line 26, in dispatch
    response: Response = await call_next(request)
                         ^^^^^^^^^^^^^^^^^^^^^^^^
  File "/home/chinmay/projects/nitte_hack/backend/.venv/lib/python3.12/site-packages/starlette/middleware/base.py", line 168, in call_next
    raise app_exc from app_exc.__cause__ or app_exc.__context__
  File "/home/chinmay/projects/nitte_hack/backend/.venv/lib/python3.12/site-packages/starlette/middleware/base.py", line 144, in coro
    await self.app(scope, receive_or_disconnect, send_no_error)
  File "/home/chinmay/projects/nitte_hack/backend/.venv/lib/python3.12/site-packages/starlette/middleware/exceptions.py", line 63, in __call__
    await wrap_app_handling_exceptions(self.app, conn)(scope, receive, send)
  File "/home/chinmay/projects/nitte_hack/backend/.venv/lib/python3.12/site-packages/starlette/_exception_handler.py", line 53, in wrapped_app
    raise exc
  File "/home/chinmay/projects/nitte_hack/backend/.venv/lib/python3.12/site-packages/starlette/_exception_handler.py", line 42, in wrapped_app
    await app(scope, receive, sender)
  File "/home/chinmay/projects/nitte_hack/backend/.venv/lib/python3.12/site-packages/fastapi/middleware/asyncexitstack.py", line 18, in __call__
    await self.app(scope, receive, send)
  File "/home/chinmay/projects/nitte_hack/backend/.venv/lib/python3.12/site-packages/starlette/routing.py", line 660, in __call__
    await self.middleware_stack(scope, receive, send)
  File "/home/chinmay/projects/nitte_hack/backend/.venv/lib/python3.12/site-packages/starlette/routing.py", line 680, in app
    await route.handle(scope, receive, send)
  File "/home/chinmay/projects/nitte_hack/backend/.venv/lib/python3.12/site-packages/starlette/routing.py", line 276, in handle
    await self.app(scope, receive, send)
  File "/home/chinmay/projects/nitte_hack/backend/.venv/lib/python3.12/site-packages/fastapi/routing.py", line 134, in app
    await wrap_app_handling_exceptions(app, request)(scope, receive, send)
  File "/home/chinmay/projects/nitte_hack/backend/.venv/lib/python3.12/site-packages/starlette/_exception_handler.py", line 53, in wrapped_app
    raise exc
  File "/home/chinmay/projects/nitte_hack/backend/.venv/lib/python3.12/site-packages/starlette/_exception_handler.py", line 42, in wrapped_app
    await app(scope, receive, sender)
  File "/home/chinmay/projects/nitte_hack/backend/.venv/lib/python3.12/site-packages/fastapi/routing.py", line 120, in app
    response = await f(request)
               ^^^^^^^^^^^^^^^^
  File "/home/chinmay/projects/nitte_hack/backend/.venv/lib/python3.12/site-packages/fastapi/routing.py", line 674, in app
    raw_response = await run_endpoint_function(
                   ^^^^^^^^^^^^^^^^^^^^^^^^^^^^
  File "/home/chinmay/projects/nitte_hack/backend/.venv/lib/python3.12/site-packages/fastapi/routing.py", line 328, in run_endpoint_function
    return await dependant.call(**values)
           ^^^^^^^^^^^^^^^^^^^^^^^^^^^^^^
  File "/home/chinmay/projects/nitte_hack/backend/app/api/auth.py", line 29, in login
    return await auth_service.authenticate_user(db, credentials.login_id, credentials.password)
           ^^^^^^^^^^^^^^^^^^^^^^^^^^^^^^^^^^^^^^^^^^^^^^^^^^^^^^^^^^^^^^^^^^^^^^^^^^^^^^^^^^^^
  File "/home/chinmay/projects/nitte_hack/backend/app/services/auth_service.py", line 27, in authenticate_user
    result = await db.execute(
             ^^^^^^^^^^^^^^^^^
  File "/home/chinmay/projects/nitte_hack/backend/.venv/lib/python3.12/site-packages/sqlalchemy/ext/asyncio/session.py", line 449, in execute
    result = await greenlet_spawn(
             ^^^^^^^^^^^^^^^^^^^^^
  File "/home/chinmay/projects/nitte_hack/backend/.venv/lib/python3.12/site-packages/sqlalchemy/util/_concurrency_py3k.py", line 201, in greenlet_spawn
    result = context.throw(*sys.exc_info())
             ^^^^^^^^^^^^^^^^^^^^^^^^^^^^^^
  File "/home/chinmay/projects/nitte_hack/backend/.venv/lib/python3.12/site-packages/sqlalchemy/orm/session.py", line 2351, in execute
    return self._execute_internal(
           ^^^^^^^^^^^^^^^^^^^^^^^
  File "/home/chinmay/projects/nitte_hack/backend/.venv/lib/python3.12/site-packages/sqlalchemy/orm/session.py", line 2239, in _execute_internal
    conn = self._connection_for_bind(bind)
           ^^^^^^^^^^^^^^^^^^^^^^^^^^^^^^^
  File "/home/chinmay/projects/nitte_hack/backend/.venv/lib/python3.12/site-packages/sqlalchemy/orm/session.py", line 2108, in _connection_for_bind
    return trans._connection_for_bind(engine, execution_options)
           ^^^^^^^^^^^^^^^^^^^^^^^^^^^^^^^^^^^^^^^^^^^^^^^^^^^^^
  File "<string>", line 2, in _connection_for_bind
  File "/home/chinmay/projects/nitte_hack/backend/.venv/lib/python3.12/site-packages/sqlalchemy/orm/state_changes.py", line 137, in _go
    ret_value = fn(self, *arg, **kw)
                ^^^^^^^^^^^^^^^^^^^^
  File "/home/chinmay/projects/nitte_hack/backend/.venv/lib/python3.12/site-packages/sqlalchemy/orm/session.py", line 1187, in _connection_for_bind
    conn = bind.connect()
           ^^^^^^^^^^^^^^
  File "/home/chinmay/projects/nitte_hack/backend/.venv/lib/python3.12/site-packages/sqlalchemy/engine/base.py", line 3293, in connect
    return self._connection_cls(self)
           ^^^^^^^^^^^^^^^^^^^^^^^^^^
  File "/home/chinmay/projects/nitte_hack/backend/.venv/lib/python3.12/site-packages/sqlalchemy/engine/base.py", line 143, in __init__
    self._dbapi_connection = engine.raw_connection()
                             ^^^^^^^^^^^^^^^^^^^^^^^
  File "/home/chinmay/projects/nitte_hack/backend/.venv/lib/python3.12/site-packages/sqlalchemy/engine/base.py", line 3317, in raw_connection
    return self.pool.connect()
           ^^^^^^^^^^^^^^^^^^^
  File "/home/chinmay/projects/nitte_hack/backend/.venv/lib/python3.12/site-packages/sqlalchemy/pool/base.py", line 448, in connect
    return _ConnectionFairy._checkout(self)
           ^^^^^^^^^^^^^^^^^^^^^^^^^^^^^^^^
  File "/home/chinmay/projects/nitte_hack/backend/.venv/lib/python3.12/site-packages/sqlalchemy/pool/base.py", line 1371, in _checkout
    with util.safe_reraise():
  File "/home/chinmay/projects/nitte_hack/backend/.venv/lib/python3.12/site-packages/sqlalchemy/util/langhelpers.py", line 121, in __exit__
    raise exc_value.with_traceback(exc_tb)
  File "/home/chinmay/projects/nitte_hack/backend/.venv/lib/python3.12/site-packages/sqlalchemy/pool/base.py", line 1309, in _checkout
    result = pool._dialect._do_ping_w_event(
             ^^^^^^^^^^^^^^^^^^^^^^^^^^^^^^^
  File "/home/chinmay/projects/nitte_hack/backend/.venv/lib/python3.12/site-packages/sqlalchemy/engine/default.py", line 729, in _do_ping_w_event
    return self.do_ping(dbapi_connection)
           ^^^^^^^^^^^^^^^^^^^^^^^^^^^^^^
  File "/home/chinmay/projects/nitte_hack/backend/.venv/lib/python3.12/site-packages/sqlalchemy/dialects/postgresql/asyncpg.py", line 1160, in do_ping
    dbapi_connection.ping()
  File "/home/chinmay/projects/nitte_hack/backend/.venv/lib/python3.12/site-packages/sqlalchemy/dialects/postgresql/asyncpg.py", line 818, in ping
    self._handle_exception(error)
  File "/home/chinmay/projects/nitte_hack/backend/.venv/lib/python3.12/site-packages/sqlalchemy/dialects/postgresql/asyncpg.py", line 799, in _handle_exception
    raise error
  File "/home/chinmay/projects/nitte_hack/backend/.venv/lib/python3.12/site-packages/sqlalchemy/dialects/postgresql/asyncpg.py", line 816, in ping
    _ = self.await_(self._async_ping())
        ^^^^^^^^^^^^^^^^^^^^^^^^^^^^^^^
  File "/home/chinmay/projects/nitte_hack/backend/.venv/lib/python3.12/site-packages/sqlalchemy/util/_concurrency_py3k.py", line 132, in await_only
    return current.parent.switch(awaitable)  # type: ignore[no-any-return,attr-defined] # noqa: E501
           ^^^^^^^^^^^^^^^^^^^^^^^^^^^^^^^^
  File "/home/chinmay/projects/nitte_hack/backend/.venv/lib/python3.12/site-packages/sqlalchemy/util/_concurrency_py3k.py", line 196, in greenlet_spawn
    value = await result
            ^^^^^^^^^^^^
  File "/home/chinmay/projects/nitte_hack/backend/.venv/lib/python3.12/site-packages/sqlalchemy/dialects/postgresql/asyncpg.py", line 825, in _async_ping
    await tr.start()
  File "/home/chinmay/projects/nitte_hack/backend/.venv/lib/python3.12/site-packages/asyncpg/transaction.py", line 146, in start
    await self._connection.execute(query)
  File "/home/chinmay/projects/nitte_hack/backend/.venv/lib/python3.12/site-packages/asyncpg/connection.py", line 354, in execute
    result = await self._protocol.query(query, timeout)
             ^^^^^^^^^^^^^^^^^^^^^^^^^^^^^^^^^^^^^^^^^^
  File "asyncpg/protocol/protocol.pyx", line 369, in query
RuntimeError: Task <Task pending name='starlette.middleware.base.BaseHTTPMiddleware.__call__.<locals>.call_next.<locals>.coro' coro=<BaseHTTPMiddleware.__call__.<locals>.call_next.<locals>.coro() running at /home/chinmay/projects/nitte_hack/backend/.venv/lib/python3.12/site-packages/starlette/middleware/base.py:144> cb=[TaskGroup._spawn.<locals>.task_done() at /home/chinmay/projects/nitte_hack/backend/.venv/lib/python3.12/site-packages/anyio/_backends/_asyncio.py:821]> got Future <Future pending cb=[BaseProtocol._on_waiter_completed()]> attached to a different loop
2026-08-22 09:42:17 | INFO     | app.services.auth_service | User authenticated  user_id=69  login_id=ADMIN-TEST-289e6ec2  role=UserRole.ADMIN
2026-08-22 09:42:17 | INFO     | app.middleware.request_id | POST /api/auth/login → 200  (209.0ms)  request_id=7c08ad60-dbb8-40fa-9ec0-464e60507782
2026-08-22 09:42:17 | INFO     | httpx | HTTP Request: POST http://test/api/auth/login "HTTP/1.1 200 OK"
2026-08-22 09:42:17 | INFO     | app.services.employee_service | Employee created  employee_id=EMP-0032  user_id=70  email=emp-0154cf75@hrms-test.com
2026-08-22 09:42:17 | INFO     | app.middleware.request_id | POST /api/employees → 201  (187.6ms)  request_id=b6097c06-11be-4646-8f83-92c33436a606
2026-08-22 09:42:17 | INFO     | httpx | HTTP Request: POST http://test/api/employees "HTTP/1.1 201 Created"
2026-08-22 09:42:17 | INFO     | app.services.auth_service | User authenticated  user_id=70  login_id=EMP-0032  role=UserRole.EMPLOYEE
2026-08-22 09:42:17 | INFO     | app.middleware.request_id | POST /api/auth/login → 200  (178.9ms)  request_id=727df017-713f-4ef7-8715-32973d92c102
2026-08-22 09:42:17 | INFO     | httpx | HTTP Request: POST http://test/api/auth/login "HTTP/1.1 200 OK"
2026-08-22 09:42:17 | INFO     | app.services.payroll_service | Salary structure created  employee_id=32
2026-08-22 09:42:17 | INFO     | app.middleware.request_id | POST /api/payroll/32 → 201  (6.6ms)  request_id=d0950fb6-515a-429d-b371-1f60871dc297
2026-08-22 09:42:17 | INFO     | httpx | HTTP Request: POST http://test/api/payroll/32 "HTTP/1.1 201 Created"
2026-08-22 09:42:17 | INFO     | app.middleware.request_id | GET /api/payroll/me → 200  (1.6ms)  request_id=d5a592cb-3596-4959-9dcd-f1dfe3a85d3c
2026-08-22 09:42:17 | INFO     | httpx | HTTP Request: GET http://test/api/payroll/me "HTTP/1.1 200 OK"
2026-08-22 09:42:17 | INFO     | app.middleware.request_id | POST /api/payroll/32 → 403  (1.0ms)  request_id=0b084de9-0b89-4196-be64-8a50ac38d99b
2026-08-22 09:42:17 | INFO     | httpx | HTTP Request: POST http://test/api/payroll/32 "HTTP/1.1 403 Forbidden"
2026-08-22 09:42:17 | INFO     | app.middleware.request_id | PATCH /api/payroll/32 → 403  (1.3ms)  request_id=dbfc1ee6-7def-4b00-8f17-9bfbc58367be
2026-08-22 09:42:17 | INFO     | httpx | HTTP Request: PATCH http://test/api/payroll/32 "HTTP/1.1 403 Forbidden"
2026-08-22 09:42:18 | ERROR    | sqlalchemy.pool.impl.AsyncAdaptedQueuePool | Exception terminating connection <AdaptedConnection <asyncpg.connection.Connection object at 0x7372e0bbd310>>
Traceback (most recent call last):
  File "/home/chinmay/projects/nitte_hack/backend/.venv/lib/python3.12/site-packages/sqlalchemy/pool/base.py", line 373, in _close_connection
    self._dialect.do_terminate(connection)
  File "/home/chinmay/projects/nitte_hack/backend/.venv/lib/python3.12/site-packages/sqlalchemy/dialects/postgresql/asyncpg.py", line 1127, in do_terminate
    dbapi_connection.terminate()
  File "/home/chinmay/projects/nitte_hack/backend/.venv/lib/python3.12/site-packages/sqlalchemy/connectors/asyncio.py", line 402, in terminate
    self.await_(asyncio.shield(self._terminate_graceful_close()))  # type: ignore[attr-defined] # noqa: E501
    ^^^^^^^^^^^^^^^^^^^^^^^^^^^^^^^^^^^^^^^^^^^^^^^^^^^^^^^^^^^^^
  File "/home/chinmay/projects/nitte_hack/backend/.venv/lib/python3.12/site-packages/sqlalchemy/util/_concurrency_py3k.py", line 132, in await_only
    return current.parent.switch(awaitable)  # type: ignore[no-any-return,attr-defined] # noqa: E501
           ^^^^^^^^^^^^^^^^^^^^^^^^^^^^^^^^
  File "/home/chinmay/projects/nitte_hack/backend/.venv/lib/python3.12/site-packages/sqlalchemy/util/_concurrency_py3k.py", line 196, in greenlet_spawn
    value = await result
            ^^^^^^^^^^^^
  File "/home/chinmay/projects/nitte_hack/backend/.venv/lib/python3.12/site-packages/sqlalchemy/dialects/postgresql/asyncpg.py", line 912, in _terminate_graceful_close
    await self._connection.close(timeout=2)
  File "/home/chinmay/projects/nitte_hack/backend/.venv/lib/python3.12/site-packages/asyncpg/connection.py", line 1513, in close
    await self._protocol.close(timeout)
  File "asyncpg/protocol/protocol.pyx", line 617, in close
  File "asyncpg/protocol/protocol.pyx", line 650, in asyncpg.protocol.protocol.BaseProtocol._request_cancel
  File "/home/chinmay/projects/nitte_hack/backend/.venv/lib/python3.12/site-packages/asyncpg/connection.py", line 1682, in _cancel_current_command
    self._cancellations.add(self._loop.create_task(self._cancel(waiter)))
                            ^^^^^^^^^^^^^^^^^^^^^^^^^^^^^^^^^^^^^^^^^^^^
  File "/usr/lib/python3.12/asyncio/base_events.py", line 456, in create_task
    self._check_closed()
  File "/usr/lib/python3.12/asyncio/base_events.py", line 541, in _check_closed
    raise RuntimeError('Event loop is closed')
RuntimeError: Event loop is closed
2026-08-22 09:42:18 | ERROR    | app.main | Unhandled exception  method=POST  path=/api/auth/login  request_id=d3c0eeee-5bbf-4764-b8bc-ed9dcc9a39c7
Traceback (most recent call last):
  File "/home/chinmay/projects/nitte_hack/backend/.venv/lib/python3.12/site-packages/starlette/middleware/errors.py", line 164, in __call__
    await self.app(scope, receive, _send)
  File "/home/chinmay/projects/nitte_hack/backend/.venv/lib/python3.12/site-packages/starlette/middleware/cors.py", line 88, in __call__
    await self.app(scope, receive, send)
  File "/home/chinmay/projects/nitte_hack/backend/.venv/lib/python3.12/site-packages/starlette/middleware/base.py", line 191, in __call__
    with recv_stream, send_stream, collapse_excgroups():
  File "/usr/lib/python3.12/contextlib.py", line 158, in __exit__
    self.gen.throw(value)
  File "/home/chinmay/projects/nitte_hack/backend/.venv/lib/python3.12/site-packages/starlette/_utils.py", line 87, in collapse_excgroups
    raise exc
  File "/home/chinmay/projects/nitte_hack/backend/.venv/lib/python3.12/site-packages/starlette/middleware/base.py", line 193, in __call__
    response = await self.dispatch_func(request, call_next)
               ^^^^^^^^^^^^^^^^^^^^^^^^^^^^^^^^^^^^^^^^^^^^
  File "/home/chinmay/projects/nitte_hack/backend/app/middleware/request_id.py", line 26, in dispatch
    response: Response = await call_next(request)
                         ^^^^^^^^^^^^^^^^^^^^^^^^
  File "/home/chinmay/projects/nitte_hack/backend/.venv/lib/python3.12/site-packages/starlette/middleware/base.py", line 168, in call_next
    raise app_exc from app_exc.__cause__ or app_exc.__context__
  File "/home/chinmay/projects/nitte_hack/backend/.venv/lib/python3.12/site-packages/starlette/middleware/base.py", line 144, in coro
    await self.app(scope, receive_or_disconnect, send_no_error)
  File "/home/chinmay/projects/nitte_hack/backend/.venv/lib/python3.12/site-packages/starlette/middleware/exceptions.py", line 63, in __call__
    await wrap_app_handling_exceptions(self.app, conn)(scope, receive, send)
  File "/home/chinmay/projects/nitte_hack/backend/.venv/lib/python3.12/site-packages/starlette/_exception_handler.py", line 53, in wrapped_app
    raise exc
  File "/home/chinmay/projects/nitte_hack/backend/.venv/lib/python3.12/site-packages/starlette/_exception_handler.py", line 42, in wrapped_app
    await app(scope, receive, sender)
  File "/home/chinmay/projects/nitte_hack/backend/.venv/lib/python3.12/site-packages/fastapi/middleware/asyncexitstack.py", line 18, in __call__
    await self.app(scope, receive, send)
  File "/home/chinmay/projects/nitte_hack/backend/.venv/lib/python3.12/site-packages/starlette/routing.py", line 660, in __call__
    await self.middleware_stack(scope, receive, send)
  File "/home/chinmay/projects/nitte_hack/backend/.venv/lib/python3.12/site-packages/starlette/routing.py", line 680, in app
    await route.handle(scope, receive, send)
  File "/home/chinmay/projects/nitte_hack/backend/.venv/lib/python3.12/site-packages/starlette/routing.py", line 276, in handle
    await self.app(scope, receive, send)
  File "/home/chinmay/projects/nitte_hack/backend/.venv/lib/python3.12/site-packages/fastapi/routing.py", line 134, in app
    await wrap_app_handling_exceptions(app, request)(scope, receive, send)
  File "/home/chinmay/projects/nitte_hack/backend/.venv/lib/python3.12/site-packages/starlette/_exception_handler.py", line 53, in wrapped_app
    raise exc
  File "/home/chinmay/projects/nitte_hack/backend/.venv/lib/python3.12/site-packages/starlette/_exception_handler.py", line 42, in wrapped_app
    await app(scope, receive, sender)
  File "/home/chinmay/projects/nitte_hack/backend/.venv/lib/python3.12/site-packages/fastapi/routing.py", line 120, in app
    response = await f(request)
               ^^^^^^^^^^^^^^^^
  File "/home/chinmay/projects/nitte_hack/backend/.venv/lib/python3.12/site-packages/fastapi/routing.py", line 674, in app
    raw_response = await run_endpoint_function(
                   ^^^^^^^^^^^^^^^^^^^^^^^^^^^^
  File "/home/chinmay/projects/nitte_hack/backend/.venv/lib/python3.12/site-packages/fastapi/routing.py", line 328, in run_endpoint_function
    return await dependant.call(**values)
           ^^^^^^^^^^^^^^^^^^^^^^^^^^^^^^
  File "/home/chinmay/projects/nitte_hack/backend/app/api/auth.py", line 29, in login
    return await auth_service.authenticate_user(db, credentials.login_id, credentials.password)
           ^^^^^^^^^^^^^^^^^^^^^^^^^^^^^^^^^^^^^^^^^^^^^^^^^^^^^^^^^^^^^^^^^^^^^^^^^^^^^^^^^^^^
  File "/home/chinmay/projects/nitte_hack/backend/app/services/auth_service.py", line 27, in authenticate_user
    result = await db.execute(
             ^^^^^^^^^^^^^^^^^
  File "/home/chinmay/projects/nitte_hack/backend/.venv/lib/python3.12/site-packages/sqlalchemy/ext/asyncio/session.py", line 449, in execute
    result = await greenlet_spawn(
             ^^^^^^^^^^^^^^^^^^^^^
  File "/home/chinmay/projects/nitte_hack/backend/.venv/lib/python3.12/site-packages/sqlalchemy/util/_concurrency_py3k.py", line 201, in greenlet_spawn
    result = context.throw(*sys.exc_info())
             ^^^^^^^^^^^^^^^^^^^^^^^^^^^^^^
  File "/home/chinmay/projects/nitte_hack/backend/.venv/lib/python3.12/site-packages/sqlalchemy/orm/session.py", line 2351, in execute
    return self._execute_internal(
           ^^^^^^^^^^^^^^^^^^^^^^^
  File "/home/chinmay/projects/nitte_hack/backend/.venv/lib/python3.12/site-packages/sqlalchemy/orm/session.py", line 2239, in _execute_internal
    conn = self._connection_for_bind(bind)
           ^^^^^^^^^^^^^^^^^^^^^^^^^^^^^^^
  File "/home/chinmay/projects/nitte_hack/backend/.venv/lib/python3.12/site-packages/sqlalchemy/orm/session.py", line 2108, in _connection_for_bind
    return trans._connection_for_bind(engine, execution_options)
           ^^^^^^^^^^^^^^^^^^^^^^^^^^^^^^^^^^^^^^^^^^^^^^^^^^^^^
  File "<string>", line 2, in _connection_for_bind
  File "/home/chinmay/projects/nitte_hack/backend/.venv/lib/python3.12/site-packages/sqlalchemy/orm/state_changes.py", line 137, in _go
    ret_value = fn(self, *arg, **kw)
                ^^^^^^^^^^^^^^^^^^^^
  File "/home/chinmay/projects/nitte_hack/backend/.venv/lib/python3.12/site-packages/sqlalchemy/orm/session.py", line 1187, in _connection_for_bind
    conn = bind.connect()
           ^^^^^^^^^^^^^^
  File "/home/chinmay/projects/nitte_hack/backend/.venv/lib/python3.12/site-packages/sqlalchemy/engine/base.py", line 3293, in connect
    return self._connection_cls(self)
           ^^^^^^^^^^^^^^^^^^^^^^^^^^
  File "/home/chinmay/projects/nitte_hack/backend/.venv/lib/python3.12/site-packages/sqlalchemy/engine/base.py", line 143, in __init__
    self._dbapi_connection = engine.raw_connection()
                             ^^^^^^^^^^^^^^^^^^^^^^^
  File "/home/chinmay/projects/nitte_hack/backend/.venv/lib/python3.12/site-packages/sqlalchemy/engine/base.py", line 3317, in raw_connection
    return self.pool.connect()
           ^^^^^^^^^^^^^^^^^^^
  File "/home/chinmay/projects/nitte_hack/backend/.venv/lib/python3.12/site-packages/sqlalchemy/pool/base.py", line 448, in connect
    return _ConnectionFairy._checkout(self)
           ^^^^^^^^^^^^^^^^^^^^^^^^^^^^^^^^
  File "/home/chinmay/projects/nitte_hack/backend/.venv/lib/python3.12/site-packages/sqlalchemy/pool/base.py", line 1371, in _checkout
    with util.safe_reraise():
  File "/home/chinmay/projects/nitte_hack/backend/.venv/lib/python3.12/site-packages/sqlalchemy/util/langhelpers.py", line 121, in __exit__
    raise exc_value.with_traceback(exc_tb)
  File "/home/chinmay/projects/nitte_hack/backend/.venv/lib/python3.12/site-packages/sqlalchemy/pool/base.py", line 1309, in _checkout
    result = pool._dialect._do_ping_w_event(
             ^^^^^^^^^^^^^^^^^^^^^^^^^^^^^^^
  File "/home/chinmay/projects/nitte_hack/backend/.venv/lib/python3.12/site-packages/sqlalchemy/engine/default.py", line 729, in _do_ping_w_event
    return self.do_ping(dbapi_connection)
           ^^^^^^^^^^^^^^^^^^^^^^^^^^^^^^
  File "/home/chinmay/projects/nitte_hack/backend/.venv/lib/python3.12/site-packages/sqlalchemy/dialects/postgresql/asyncpg.py", line 1160, in do_ping
    dbapi_connection.ping()
  File "/home/chinmay/projects/nitte_hack/backend/.venv/lib/python3.12/site-packages/sqlalchemy/dialects/postgresql/asyncpg.py", line 818, in ping
    self._handle_exception(error)
  File "/home/chinmay/projects/nitte_hack/backend/.venv/lib/python3.12/site-packages/sqlalchemy/dialects/postgresql/asyncpg.py", line 799, in _handle_exception
    raise error
  File "/home/chinmay/projects/nitte_hack/backend/.venv/lib/python3.12/site-packages/sqlalchemy/dialects/postgresql/asyncpg.py", line 816, in ping
    _ = self.await_(self._async_ping())
        ^^^^^^^^^^^^^^^^^^^^^^^^^^^^^^^
  File "/home/chinmay/projects/nitte_hack/backend/.venv/lib/python3.12/site-packages/sqlalchemy/util/_concurrency_py3k.py", line 132, in await_only
    return current.parent.switch(awaitable)  # type: ignore[no-any-return,attr-defined] # noqa: E501
           ^^^^^^^^^^^^^^^^^^^^^^^^^^^^^^^^
  File "/home/chinmay/projects/nitte_hack/backend/.venv/lib/python3.12/site-packages/sqlalchemy/util/_concurrency_py3k.py", line 196, in greenlet_spawn
    value = await result
            ^^^^^^^^^^^^
  File "/home/chinmay/projects/nitte_hack/backend/.venv/lib/python3.12/site-packages/sqlalchemy/dialects/postgresql/asyncpg.py", line 825, in _async_ping
    await tr.start()
  File "/home/chinmay/projects/nitte_hack/backend/.venv/lib/python3.12/site-packages/asyncpg/transaction.py", line 146, in start
    await self._connection.execute(query)
  File "/home/chinmay/projects/nitte_hack/backend/.venv/lib/python3.12/site-packages/asyncpg/connection.py", line 354, in execute
    result = await self._protocol.query(query, timeout)
             ^^^^^^^^^^^^^^^^^^^^^^^^^^^^^^^^^^^^^^^^^^
  File "asyncpg/protocol/protocol.pyx", line 369, in query
RuntimeError: Task <Task pending name='starlette.middleware.base.BaseHTTPMiddleware.__call__.<locals>.call_next.<locals>.coro' coro=<BaseHTTPMiddleware.__call__.<locals>.call_next.<locals>.coro() running at /home/chinmay/projects/nitte_hack/backend/.venv/lib/python3.12/site-packages/starlette/middleware/base.py:144> cb=[TaskGroup._spawn.<locals>.task_done() at /home/chinmay/projects/nitte_hack/backend/.venv/lib/python3.12/site-packages/anyio/_backends/_asyncio.py:821]> got Future <Future pending cb=[BaseProtocol._on_waiter_completed()]> attached to a different loop
2026-08-22 09:42:41 | INFO     | app.main | Dayflow HRMS started  version=0.1.0
2026-08-22 09:42:51 | INFO     | app.main | Dayflow HRMS started  version=0.1.0
2026-08-22 09:43:01 | INFO     | app.main | Dayflow HRMS started  version=0.1.0
2026-08-22 09:43:01 | INFO     | app.services.auth_service | User authenticated  user_id=72  login_id=ADMIN-TEST-933dde58  role=UserRole.ADMIN
2026-08-22 09:43:01 | INFO     | app.middleware.request_id | POST /api/auth/login → 200  (198.9ms)  request_id=bf645c1d-d041-46a7-a862-2c3c3d3aae27
2026-08-22 09:43:01 | INFO     | httpx | HTTP Request: POST http://test/api/auth/login "HTTP/1.1 200 OK"
2026-08-22 09:43:02 | INFO     | app.services.employee_service | Employee created  employee_id=EMP-0033  user_id=73  email=emp-9d7dd9f5@hrms-test.com
2026-08-22 09:43:02 | INFO     | app.middleware.request_id | POST /api/employees → 201  (236.7ms)  request_id=f8362016-e355-43b3-937b-c9c2dc85b99e
2026-08-22 09:43:02 | INFO     | httpx | HTTP Request: POST http://test/api/employees "HTTP/1.1 201 Created"
2026-08-22 09:43:02 | INFO     | app.services.auth_service | User authenticated  user_id=73  login_id=EMP-0033  role=UserRole.EMPLOYEE
2026-08-22 09:43:02 | INFO     | app.middleware.request_id | POST /api/auth/login → 200  (193.0ms)  request_id=1c27ace4-d72a-48ec-89fa-2ca0b9421b36
2026-08-22 09:43:02 | INFO     | httpx | HTTP Request: POST http://test/api/auth/login "HTTP/1.1 200 OK"
2026-08-22 09:43:02 | INFO     | app.services.attendance_service | Check-in recorded  employee_id=33  time=2026-08-22T04:13:02.235998+00:00
2026-08-22 09:43:02 | INFO     | app.middleware.request_id | POST /api/attendance/check-in → 201  (69.9ms)  request_id=c250a58f-1d0b-4911-8bfa-69ad2441659e
2026-08-22 09:43:02 | INFO     | httpx | HTTP Request: POST http://test/api/attendance/check-in "HTTP/1.1 201 Created"
2026-08-22 09:43:02 | INFO     | app.services.auth_service | User authenticated  user_id=74  login_id=ADMIN-TEST-716b23e8  role=UserRole.ADMIN
2026-08-22 09:43:02 | INFO     | app.middleware.request_id | POST /api/auth/login → 200  (194.0ms)  request_id=44afbb7d-7f74-461a-9785-9aa71c2e20e7
2026-08-22 09:43:02 | INFO     | httpx | HTTP Request: POST http://test/api/auth/login "HTTP/1.1 200 OK"
2026-08-22 09:43:02 | INFO     | app.services.employee_service | Employee created  employee_id=EMP-0034  user_id=75  email=emp-705838c5@hrms-test.com
2026-08-22 09:43:02 | INFO     | app.middleware.request_id | POST /api/employees → 201  (240.2ms)  request_id=943726ad-530b-46b8-a998-6f4c7fcedfa8
2026-08-22 09:43:02 | INFO     | httpx | HTTP Request: POST http://test/api/employees "HTTP/1.1 201 Created"
2026-08-22 09:43:03 | INFO     | app.services.auth_service | User authenticated  user_id=75  login_id=EMP-0034  role=UserRole.EMPLOYEE
2026-08-22 09:43:03 | INFO     | app.middleware.request_id | POST /api/auth/login → 200  (197.8ms)  request_id=cb44b0e5-2d4a-48a3-a760-495bbe4d8a97
2026-08-22 09:43:03 | INFO     | httpx | HTTP Request: POST http://test/api/auth/login "HTTP/1.1 200 OK"
2026-08-22 09:43:03 | INFO     | app.services.attendance_service | Check-in recorded  employee_id=34  time=2026-08-22T04:13:03.145416+00:00
2026-08-22 09:43:03 | INFO     | app.middleware.request_id | POST /api/attendance/check-in → 201  (74.1ms)  request_id=44d261cf-51c2-4a50-bc0c-6bfd4df5320a
2026-08-22 09:43:03 | INFO     | httpx | HTTP Request: POST http://test/api/attendance/check-in "HTTP/1.1 201 Created"
2026-08-22 09:43:03 | INFO     | app.middleware.request_id | POST /api/attendance/check-in → 409  (36.6ms)  request_id=f15d7a95-a40b-4e2b-b663-0940bf7c2272
2026-08-22 09:43:03 | INFO     | httpx | HTTP Request: POST http://test/api/attendance/check-in "HTTP/1.1 409 Conflict"
2026-08-22 09:43:03 | INFO     | app.services.auth_service | User authenticated  user_id=76  login_id=ADMIN-TEST-f6c7d7f8  role=UserRole.ADMIN
2026-08-22 09:43:03 | INFO     | app.middleware.request_id | POST /api/auth/login → 200  (208.3ms)  request_id=525042b5-0af5-45c3-a842-8be9b8d731ea
2026-08-22 09:43:03 | INFO     | httpx | HTTP Request: POST http://test/api/auth/login "HTTP/1.1 200 OK"
2026-08-22 09:43:03 | INFO     | app.services.employee_service | Employee created  employee_id=EMP-0035  user_id=77  email=nci-743594@t.com
2026-08-22 09:43:03 | INFO     | app.middleware.request_id | POST /api/employees → 201  (223.6ms)  request_id=4512340a-714b-4e8e-af19-f18b936547f9
2026-08-22 09:43:03 | INFO     | httpx | HTTP Request: POST http://test/api/employees "HTTP/1.1 201 Created"
2026-08-22 09:43:04 | INFO     | app.services.auth_service | User authenticated  user_id=77  login_id=EMP-0035  role=UserRole.EMPLOYEE
2026-08-22 09:43:04 | INFO     | app.middleware.request_id | POST /api/auth/login → 200  (205.0ms)  request_id=4d84685c-1307-4061-89c8-b69c8894903c
2026-08-22 09:43:04 | INFO     | httpx | HTTP Request: POST http://test/api/auth/login "HTTP/1.1 200 OK"
2026-08-22 09:43:04 | INFO     | app.middleware.request_id | POST /api/attendance/check-out → 409  (29.6ms)  request_id=12dcd372-980a-4fcc-a1e2-0006aa358953
2026-08-22 09:43:04 | INFO     | httpx | HTTP Request: POST http://test/api/attendance/check-out "HTTP/1.1 409 Conflict"
2026-08-22 09:43:04 | INFO     | app.services.auth_service | User authenticated  user_id=78  login_id=ADMIN-TEST-0c566e75  role=UserRole.ADMIN
2026-08-22 09:43:04 | INFO     | app.middleware.request_id | POST /api/auth/login → 200  (198.7ms)  request_id=60fb98ab-306e-45c8-af3a-42b353494073
2026-08-22 09:43:04 | INFO     | httpx | HTTP Request: POST http://test/api/auth/login "HTTP/1.1 200 OK"
2026-08-22 09:43:04 | INFO     | app.services.employee_service | Employee created  employee_id=EMP-0036  user_id=79  email=chk-993df3@t.com
2026-08-22 09:43:04 | INFO     | app.middleware.request_id | POST /api/employees → 201  (220.7ms)  request_id=45ad9868-1c06-42ec-abe0-57d0d329c80f
2026-08-22 09:43:04 | INFO     | httpx | HTTP Request: POST http://test/api/employees "HTTP/1.1 201 Created"
2026-08-22 09:43:04 | INFO     | app.services.auth_service | User authenticated  user_id=79  login_id=EMP-0036  role=UserRole.EMPLOYEE
2026-08-22 09:43:04 | INFO     | app.middleware.request_id | POST /api/auth/login → 200  (199.9ms)  request_id=77ce1513-2bd7-4dab-89e3-074d0f4adb92
2026-08-22 09:43:04 | INFO     | httpx | HTTP Request: POST http://test/api/auth/login "HTTP/1.1 200 OK"
2026-08-22 09:43:05 | INFO     | app.services.attendance_service | Check-in recorded  employee_id=36  time=2026-08-22T04:13:04.980307+00:00
2026-08-22 09:43:05 | INFO     | app.middleware.request_id | POST /api/attendance/check-in → 201  (77.1ms)  request_id=564b5b68-b5c4-4fe4-9672-ff1835f4459a
2026-08-22 09:43:05 | INFO     | httpx | HTTP Request: POST http://test/api/attendance/check-in "HTTP/1.1 201 Created"
2026-08-22 09:43:05 | INFO     | app.services.attendance_service | Check-out recorded  employee_id=36  work_hours=0.00
2026-08-22 09:43:05 | INFO     | app.middleware.request_id | POST /api/attendance/check-out → 200  (58.8ms)  request_id=5e3c2bc5-9d52-40e2-832b-fa44cd8fa893
2026-08-22 09:43:05 | INFO     | httpx | HTTP Request: POST http://test/api/attendance/check-out "HTTP/1.1 200 OK"
2026-08-22 09:43:05 | WARNING  | app.services.auth_service | Failed login attempt for identifier=GHOST-9999
2026-08-22 09:43:05 | INFO     | app.middleware.request_id | POST /api/auth/login → 401  (26.1ms)  request_id=b44cf3f8-a49f-42f6-b8aa-0b63c784adac
2026-08-22 09:43:05 | INFO     | httpx | HTTP Request: POST http://test/api/auth/login "HTTP/1.1 401 Unauthorized"
2026-08-22 09:43:05 | INFO     | app.middleware.request_id | GET /api/employees → 401  (0.2ms)  request_id=88139ccd-fff0-4cb7-af61-3322591a8e02
2026-08-22 09:43:05 | INFO     | httpx | HTTP Request: GET http://test/api/employees "HTTP/1.1 401 Unauthorized"
2026-08-22 09:43:05 | INFO     | app.middleware.request_id | GET /api/employees → 401  (0.3ms)  request_id=2cbe7c90-8c94-4d1f-8a96-65db305861b5
2026-08-22 09:43:05 | INFO     | httpx | HTTP Request: GET http://test/api/employees "HTTP/1.1 401 Unauthorized"
2026-08-22 09:43:05 | INFO     | app.services.auth_service | User authenticated  user_id=80  login_id=ADMIN-TEST-3590e28c  role=UserRole.ADMIN
2026-08-22 09:43:05 | INFO     | app.middleware.request_id | POST /api/auth/login → 200  (199.1ms)  request_id=175e1d7a-3d8f-4a2b-8792-bae39b864018
2026-08-22 09:43:05 | INFO     | httpx | HTTP Request: POST http://test/api/auth/login "HTTP/1.1 200 OK"
2026-08-22 09:43:05 | INFO     | app.services.employee_service | Employee created  employee_id=EMP-0037  user_id=81  email=emp-94c7d243@hrms-test.com
2026-08-22 09:43:05 | INFO     | app.middleware.request_id | POST /api/employees → 201  (218.5ms)  request_id=c12fbb8d-0aff-4c5e-a929-03a3f61f0545
2026-08-22 09:43:05 | INFO     | httpx | HTTP Request: POST http://test/api/employees "HTTP/1.1 201 Created"
2026-08-22 09:43:05 | INFO     | app.services.auth_service | User authenticated  user_id=81  login_id=EMP-0037  role=UserRole.EMPLOYEE
2026-08-22 09:43:05 | INFO     | app.middleware.request_id | POST /api/auth/login → 200  (190.4ms)  request_id=a8b38c20-9b60-4831-8c25-55d5170001df
2026-08-22 09:43:05 | INFO     | httpx | HTTP Request: POST http://test/api/auth/login "HTTP/1.1 200 OK"
2026-08-22 09:43:06 | INFO     | app.services.auth_service | Password changed  user_id=81
2026-08-22 09:43:06 | INFO     | app.middleware.request_id | POST /api/auth/change-password → 204  (369.9ms)  request_id=e9ccd7e4-6361-465f-b2a6-b5fa80b2b600
2026-08-22 09:43:06 | INFO     | httpx | HTTP Request: POST http://test/api/auth/change-password "HTTP/1.1 204 No Content"
2026-08-22 09:43:06 | INFO     | app.services.auth_service | User authenticated  user_id=81  login_id=EMP-0037  role=UserRole.EMPLOYEE
2026-08-22 09:43:06 | INFO     | app.middleware.request_id | POST /api/auth/login → 200  (198.4ms)  request_id=14c00bd2-6c7b-4d5d-9c98-4e1e0aebd42d
2026-08-22 09:43:06 | INFO     | httpx | HTTP Request: POST http://test/api/auth/login "HTTP/1.1 200 OK"
2026-08-22 09:43:06 | WARNING  | app.services.auth_service | Failed login attempt for identifier=EMP-0037
2026-08-22 09:43:06 | INFO     | app.middleware.request_id | POST /api/auth/login → 401  (194.5ms)  request_id=26ab04cc-f72f-41ed-a879-992b7c985ad3
2026-08-22 09:43:06 | INFO     | httpx | HTTP Request: POST http://test/api/auth/login "HTTP/1.1 401 Unauthorized"
2026-08-22 09:43:07 | INFO     | app.services.auth_service | User authenticated  user_id=82  login_id=ADMIN-TEST-e0eff459  role=UserRole.ADMIN
2026-08-22 09:43:07 | INFO     | app.middleware.request_id | POST /api/auth/login → 200  (239.7ms)  request_id=037ae0b0-1c72-455d-a278-3198cbc3a488
2026-08-22 09:43:07 | INFO     | httpx | HTTP Request: POST http://test/api/auth/login "HTTP/1.1 200 OK"
2026-08-22 09:43:07 | INFO     | app.services.employee_service | Employee created  employee_id=EMP-0038  user_id=83  email=emp-10e6f40b@hrms-test.com
2026-08-22 09:43:07 | INFO     | app.middleware.request_id | POST /api/employees → 201  (223.6ms)  request_id=1bc35414-62ff-4da4-bf9c-709b3d2a849c
2026-08-22 09:43:07 | INFO     | httpx | HTTP Request: POST http://test/api/employees "HTTP/1.1 201 Created"
2026-08-22 09:43:07 | INFO     | app.services.auth_service | User authenticated  user_id=83  login_id=EMP-0038  role=UserRole.EMPLOYEE
2026-08-22 09:43:07 | INFO     | app.middleware.request_id | POST /api/auth/login → 200  (211.9ms)  request_id=9edc60ad-6a71-4a2e-8e9d-16474722ad03
2026-08-22 09:43:07 | INFO     | httpx | HTTP Request: POST http://test/api/auth/login "HTTP/1.1 200 OK"
2026-08-22 09:43:07 | INFO     | app.middleware.request_id | POST /api/auth/change-password → 409  (202.4ms)  request_id=bba29e3d-0db3-4ccf-b233-146e1a2ce53c
2026-08-22 09:43:07 | INFO     | httpx | HTTP Request: POST http://test/api/auth/change-password "HTTP/1.1 409 Conflict"
2026-08-22 09:43:08 | INFO     | app.services.auth_service | User authenticated  user_id=84  login_id=ADMIN-TEST-f5094f31  role=UserRole.ADMIN
2026-08-22 09:43:08 | INFO     | app.middleware.request_id | POST /api/auth/login → 200  (198.0ms)  request_id=1ef1cb49-d44d-4cd7-81d9-a66b497ca82c
2026-08-22 09:43:08 | INFO     | httpx | HTTP Request: POST http://test/api/auth/login "HTTP/1.1 200 OK"
2026-08-22 09:43:08 | INFO     | app.services.employee_service | Employee created  employee_id=EMP-0039  user_id=85  email=alice-c876af@test.com
2026-08-22 09:43:08 | INFO     | app.middleware.request_id | POST /api/employees → 201  (218.0ms)  request_id=59c18d81-dc0d-4f85-ac63-db44e8ad392d
2026-08-22 09:43:08 | INFO     | httpx | HTTP Request: POST http://test/api/employees "HTTP/1.1 201 Created"
2026-08-22 09:43:08 | INFO     | app.services.auth_service | User authenticated  user_id=86  login_id=ADMIN-TEST-478e9d1e  role=UserRole.ADMIN
2026-08-22 09:43:08 | INFO     | app.middleware.request_id | POST /api/auth/login → 200  (196.0ms)  request_id=63ffc33b-18fc-48a3-8fe4-46a930f2f86a
2026-08-22 09:43:08 | INFO     | httpx | HTTP Request: POST http://test/api/auth/login "HTTP/1.1 200 OK"
2026-08-22 09:43:09 | INFO     | app.services.employee_service | Employee created  employee_id=EMP-0040  user_id=87  email=emp-a5df2fa4@hrms-test.com
2026-08-22 09:43:09 | INFO     | app.middleware.request_id | POST /api/employees → 201  (222.1ms)  request_id=b9147ce3-5da6-46e7-a9d9-1a800edac2a9
2026-08-22 09:43:09 | INFO     | httpx | HTTP Request: POST http://test/api/employees "HTTP/1.1 201 Created"
2026-08-22 09:43:09 | INFO     | app.services.auth_service | User authenticated  user_id=87  login_id=EMP-0040  role=UserRole.EMPLOYEE
2026-08-22 09:43:09 | INFO     | app.middleware.request_id | POST /api/auth/login → 200  (193.8ms)  request_id=40c9deb6-1554-4248-a6fe-a88a5d6eb828
2026-08-22 09:43:09 | INFO     | httpx | HTTP Request: POST http://test/api/auth/login "HTTP/1.1 200 OK"
2026-08-22 09:43:09 | INFO     | app.middleware.request_id | POST /api/employees → 403  (23.8ms)  request_id=bbc6e740-8fb7-453f-9371-398e5dec7b89
2026-08-22 09:43:09 | INFO     | httpx | HTTP Request: POST http://test/api/employees "HTTP/1.1 403 Forbidden"
2026-08-22 09:43:09 | INFO     | app.services.auth_service | User authenticated  user_id=88  login_id=ADMIN-TEST-2dad4491  role=UserRole.ADMIN
2026-08-22 09:43:09 | INFO     | app.middleware.request_id | POST /api/auth/login → 200  (191.7ms)  request_id=95fc640b-bbf5-4ace-95a4-1af74a4c8fc1
2026-08-22 09:43:09 | INFO     | httpx | HTTP Request: POST http://test/api/auth/login "HTTP/1.1 200 OK"
2026-08-22 09:43:09 | INFO     | app.services.employee_service | Employee created  employee_id=EMP-0041  user_id=89  email=emp-db21e57b@hrms-test.com
2026-08-22 09:43:09 | INFO     | app.middleware.request_id | POST /api/employees → 201  (221.6ms)  request_id=566b2b46-6ec5-45a0-9af5-7fb448343d9f
2026-08-22 09:43:09 | INFO     | httpx | HTTP Request: POST http://test/api/employees "HTTP/1.1 201 Created"
2026-08-22 09:43:10 | INFO     | app.services.employee_service | Employee created  employee_id=EMP-0042  user_id=90  email=dup-e1709c@test.com
2026-08-22 09:43:10 | INFO     | app.middleware.request_id | POST /api/employees → 201  (219.2ms)  request_id=f753bbe3-0e32-4179-8e51-3789f9a8b9ff
2026-08-22 09:43:10 | INFO     | httpx | HTTP Request: POST http://test/api/employees "HTTP/1.1 201 Created"
2026-08-22 09:43:10 | INFO     | app.middleware.request_id | POST /api/employees → 409  (23.4ms)  request_id=5a4c2bf9-4689-4439-9e4e-e77f7c0f5ed6
2026-08-22 09:43:10 | INFO     | httpx | HTTP Request: POST http://test/api/employees "HTTP/1.1 409 Conflict"
2026-08-22 09:43:10 | INFO     | app.services.auth_service | User authenticated  user_id=91  login_id=ADMIN-TEST-148e5873  role=UserRole.ADMIN
2026-08-22 09:43:10 | INFO     | app.middleware.request_id | POST /api/auth/login → 200  (194.4ms)  request_id=dcce1073-bb5b-4786-9920-ec266c15f10f
2026-08-22 09:43:10 | INFO     | httpx | HTTP Request: POST http://test/api/auth/login "HTTP/1.1 200 OK"
2026-08-22 09:43:10 | INFO     | app.services.employee_service | Employee created  employee_id=EMP-0043  user_id=92  email=x1-e5f7cb@t.com
2026-08-22 09:43:10 | INFO     | app.middleware.request_id | POST /api/employees → 201  (224.0ms)  request_id=4c159816-c4d9-40e8-8e8e-e90e24e757ec
2026-08-22 09:43:10 | INFO     | httpx | HTTP Request: POST http://test/api/employees "HTTP/1.1 201 Created"
2026-08-22 09:43:10 | INFO     | app.services.employee_service | Employee created  employee_id=EMP-0044  user_id=93  email=x2-5f5560@t.com
2026-08-22 09:43:10 | INFO     | app.middleware.request_id | POST /api/employees → 201  (217.3ms)  request_id=d6370421-21f9-4575-aa7d-1dd55708b97a
2026-08-22 09:43:10 | INFO     | httpx | HTTP Request: POST http://test/api/employees "HTTP/1.1 201 Created"
2026-08-22 09:43:11 | INFO     | app.services.auth_service | User authenticated  user_id=94  login_id=ADMIN-TEST-8b732e90  role=UserRole.ADMIN
2026-08-22 09:43:11 | INFO     | app.middleware.request_id | POST /api/auth/login → 200  (195.0ms)  request_id=75ee6bcf-59ac-4f7e-8917-871c67447333
2026-08-22 09:43:11 | INFO     | httpx | HTTP Request: POST http://test/api/auth/login "HTTP/1.1 200 OK"
2026-08-22 09:43:11 | INFO     | app.services.employee_service | Employee created  employee_id=EMP-0045  user_id=95  email=emp-35934bc8@hrms-test.com
2026-08-22 09:43:11 | INFO     | app.middleware.request_id | POST /api/employees → 201  (216.2ms)  request_id=ef36e9bd-9430-4ce6-b838-71cb61e55323
2026-08-22 09:43:11 | INFO     | httpx | HTTP Request: POST http://test/api/employees "HTTP/1.1 201 Created"
2026-08-22 09:43:11 | INFO     | app.services.auth_service | User authenticated  user_id=95  login_id=EMP-0045  role=UserRole.EMPLOYEE
2026-08-22 09:43:11 | INFO     | app.middleware.request_id | POST /api/auth/login → 200  (193.5ms)  request_id=0a43b655-2a1b-4daa-a30a-c39067d722db
2026-08-22 09:43:11 | INFO     | httpx | HTTP Request: POST http://test/api/auth/login "HTTP/1.1 200 OK"
2026-08-22 09:43:11 | INFO     | app.middleware.request_id | GET /api/employees/me → 200  (21.4ms)  request_id=d9c5a4aa-f169-4232-9d9a-a718f79a4d37
2026-08-22 09:43:11 | INFO     | httpx | HTTP Request: GET http://test/api/employees/me "HTTP/1.1 200 OK"
2026-08-22 09:43:12 | INFO     | app.services.auth_service | User authenticated  user_id=96  login_id=ADMIN-TEST-e4970da4  role=UserRole.ADMIN
2026-08-22 09:43:12 | INFO     | app.middleware.request_id | POST /api/auth/login → 200  (193.7ms)  request_id=e30c8398-25c3-43ab-8fe3-b216b0d8c4ef
2026-08-22 09:43:12 | INFO     | httpx | HTTP Request: POST http://test/api/auth/login "HTTP/1.1 200 OK"
2026-08-22 09:43:12 | INFO     | app.services.employee_service | Employee created  employee_id=EMP-0046  user_id=97  email=emp-50f65d71@hrms-test.com
2026-08-22 09:43:12 | INFO     | app.middleware.request_id | POST /api/employees → 201  (222.4ms)  request_id=605100a4-78ac-4885-858b-fdd1d960e665
2026-08-22 09:43:12 | INFO     | httpx | HTTP Request: POST http://test/api/employees "HTTP/1.1 201 Created"
2026-08-22 09:43:12 | INFO     | app.services.auth_service | User authenticated  user_id=97  login_id=EMP-0046  role=UserRole.EMPLOYEE
2026-08-22 09:43:12 | INFO     | app.middleware.request_id | POST /api/auth/login → 200  (194.7ms)  request_id=da4b7de1-2e54-4ada-b025-8c1722dc327f
2026-08-22 09:43:12 | INFO     | httpx | HTTP Request: POST http://test/api/auth/login "HTTP/1.1 200 OK"
2026-08-22 09:43:12 | INFO     | app.services.employee_service | Employee created  employee_id=EMP-0047  user_id=98  email=other-75a48d@t.com
2026-08-22 09:43:12 | INFO     | app.middleware.request_id | POST /api/employees → 201  (219.1ms)  request_id=6d03c3e0-6e14-4313-aa38-377c8a52df9d
2026-08-22 09:43:12 | INFO     | httpx | HTTP Request: POST http://test/api/employees "HTTP/1.1 201 Created"
2026-08-22 09:43:12 | INFO     | app.middleware.request_id | GET /api/employees/47 → 403  (21.1ms)  request_id=ea418a93-6780-4f2a-943c-15a45b3ccbbf
2026-08-22 09:43:12 | INFO     | httpx | HTTP Request: GET http://test/api/employees/47 "HTTP/1.1 403 Forbidden"
2026-08-22 09:43:13 | INFO     | app.services.auth_service | User authenticated  user_id=99  login_id=ADMIN-TEST-988d5b93  role=UserRole.ADMIN
2026-08-22 09:43:13 | INFO     | app.middleware.request_id | POST /api/auth/login → 200  (194.4ms)  request_id=554d3384-a669-4272-ad3b-2780dc49f04e
2026-08-22 09:43:13 | INFO     | httpx | HTTP Request: POST http://test/api/auth/login "HTTP/1.1 200 OK"
2026-08-22 09:43:13 | INFO     | app.services.employee_service | Employee created  employee_id=EMP-0048  user_id=100  email=emp-a0b30707@hrms-test.com
2026-08-22 09:43:13 | INFO     | app.middleware.request_id | POST /api/employees → 201  (221.6ms)  request_id=f08c7a99-466a-4ed9-8f25-d10b7282d55b
2026-08-22 09:43:13 | INFO     | httpx | HTTP Request: POST http://test/api/employees "HTTP/1.1 201 Created"
2026-08-22 09:43:13 | INFO     | app.services.employee_service | Employee updated by admin  employee_id=48
2026-08-22 09:43:13 | INFO     | app.middleware.request_id | PATCH /api/employees/48 → 200  (44.1ms)  request_id=70aa7b5e-7ccf-4282-80fe-12f371a01bcb
2026-08-22 09:43:13 | INFO     | httpx | HTTP Request: PATCH http://test/api/employees/48 "HTTP/1.1 200 OK"
2026-08-22 09:43:13 | INFO     | app.services.auth_service | User authenticated  user_id=101  login_id=ADMIN-TEST-2a6b92d0  role=UserRole.ADMIN
2026-08-22 09:43:13 | INFO     | app.middleware.request_id | POST /api/auth/login → 200  (194.0ms)  request_id=e848987c-9b7d-4a34-bc56-717200373698
2026-08-22 09:43:13 | INFO     | httpx | HTTP Request: POST http://test/api/auth/login "HTTP/1.1 200 OK"
2026-08-22 09:43:14 | INFO     | app.services.employee_service | Employee created  employee_id=EMP-0049  user_id=102  email=emp-4287379c@hrms-test.com
2026-08-22 09:43:14 | INFO     | app.middleware.request_id | POST /api/employees → 201  (215.9ms)  request_id=7f6ca848-baa3-4a43-96de-db14dccc6917
2026-08-22 09:43:14 | INFO     | httpx | HTTP Request: POST http://test/api/employees "HTTP/1.1 201 Created"
2026-08-22 09:43:14 | INFO     | app.services.auth_service | User authenticated  user_id=102  login_id=EMP-0049  role=UserRole.EMPLOYEE
2026-08-22 09:43:14 | INFO     | app.middleware.request_id | POST /api/auth/login → 200  (194.3ms)  request_id=89956994-140d-4856-8ed5-0d2898b70f3f
2026-08-22 09:43:14 | INFO     | httpx | HTTP Request: POST http://test/api/auth/login "HTTP/1.1 200 OK"
2026-08-22 09:43:14 | INFO     | app.services.leave_service | Leave request created  employee_id=49  leave_id=10  type=LeaveType.PAID  dates=2027-10-01→2027-10-03
2026-08-22 09:43:14 | INFO     | app.middleware.request_id | POST /api/leave → 201  (55.9ms)  request_id=1f09cbd3-a0e0-4b53-86e9-7e08efe8c842
2026-08-22 09:43:14 | INFO     | httpx | HTTP Request: POST http://test/api/leave "HTTP/1.1 201 Created"
2026-08-22 09:43:14 | INFO     | app.services.auth_service | User authenticated  user_id=103  login_id=ADMIN-TEST-6e28dfb3  role=UserRole.ADMIN
2026-08-22 09:43:14 | INFO     | app.middleware.request_id | POST /api/auth/login → 200  (192.8ms)  request_id=7de52f70-2105-429c-8bb0-f2334ae64df6
2026-08-22 09:43:14 | INFO     | httpx | HTTP Request: POST http://test/api/auth/login "HTTP/1.1 200 OK"
2026-08-22 09:43:15 | INFO     | app.services.employee_service | Employee created  employee_id=EMP-0050  user_id=104  email=emp-3d14b998@hrms-test.com
2026-08-22 09:43:15 | INFO     | app.middleware.request_id | POST /api/employees → 201  (227.3ms)  request_id=a463a446-2b24-4478-9c11-689ac63dc3e3
2026-08-22 09:43:15 | INFO     | httpx | HTTP Request: POST http://test/api/employees "HTTP/1.1 201 Created"
2026-08-22 09:43:15 | INFO     | app.services.auth_service | User authenticated  user_id=104  login_id=EMP-0050  role=UserRole.EMPLOYEE
2026-08-22 09:43:15 | INFO     | app.middleware.request_id | POST /api/auth/login → 200  (195.8ms)  request_id=9ed8c5da-c477-4a34-81ab-a5f2b552d280
2026-08-22 09:43:15 | INFO     | httpx | HTTP Request: POST http://test/api/auth/login "HTTP/1.1 200 OK"
2026-08-22 09:43:15 | INFO     | app.middleware.request_id | POST /api/leave → 422  (25.1ms)  request_id=1aa3146b-1a70-40e7-8d59-a9be7a84cd74
2026-08-22 09:43:15 | INFO     | httpx | HTTP Request: POST http://test/api/leave "HTTP/1.1 422 Unprocessable Entity"
2026-08-22 09:43:15 | INFO     | app.services.auth_service | User authenticated  user_id=105  login_id=ADMIN-TEST-2d462f8d  role=UserRole.ADMIN
2026-08-22 09:43:15 | INFO     | app.middleware.request_id | POST /api/auth/login → 200  (194.0ms)  request_id=94cda238-3057-43e6-9ba1-b8bb3e2a8423
2026-08-22 09:43:15 | INFO     | httpx | HTTP Request: POST http://test/api/auth/login "HTTP/1.1 200 OK"
2026-08-22 09:43:15 | INFO     | app.services.employee_service | Employee created  employee_id=EMP-0051  user_id=106  email=emp-99b2fb4b@hrms-test.com
2026-08-22 09:43:15 | INFO     | app.middleware.request_id | POST /api/employees → 201  (221.1ms)  request_id=013a1e34-14a6-42a9-a9aa-9b0735f81805
2026-08-22 09:43:15 | INFO     | httpx | HTTP Request: POST http://test/api/employees "HTTP/1.1 201 Created"
2026-08-22 09:43:16 | INFO     | app.services.auth_service | User authenticated  user_id=106  login_id=EMP-0051  role=UserRole.EMPLOYEE
2026-08-22 09:43:16 | INFO     | app.middleware.request_id | POST /api/auth/login → 200  (205.7ms)  request_id=47961a60-7121-4a22-968c-50d0f57fd9c8
2026-08-22 09:43:16 | INFO     | httpx | HTTP Request: POST http://test/api/auth/login "HTTP/1.1 200 OK"
2026-08-22 09:43:16 | INFO     | app.services.leave_service | Leave request created  employee_id=51  leave_id=11  type=LeaveType.PAID  dates=2027-12-01→2027-12-05
2026-08-22 09:43:16 | INFO     | app.middleware.request_id | POST /api/leave → 201  (55.1ms)  request_id=e76a4fdb-e8cc-476e-8cc4-49254ca1ea6f
2026-08-22 09:43:16 | INFO     | httpx | HTTP Request: POST http://test/api/leave "HTTP/1.1 201 Created"
2026-08-22 09:43:16 | INFO     | app.services.leave_service | Leave request decided  leave_id=11  status=LeaveStatus.APPROVED  admin_id=105
2026-08-22 09:43:16 | INFO     | app.middleware.request_id | PATCH /api/leave/11/decide → 200  (52.8ms)  request_id=56641d36-980e-4a3e-97be-39771b0752aa
2026-08-22 09:43:16 | INFO     | httpx | HTTP Request: PATCH http://test/api/leave/11/decide "HTTP/1.1 200 OK"
2026-08-22 09:43:16 | INFO     | app.services.auth_service | User authenticated  user_id=107  login_id=ADMIN-TEST-c3839a9d  role=UserRole.ADMIN
2026-08-22 09:43:16 | INFO     | app.middleware.request_id | POST /api/auth/login → 200  (201.2ms)  request_id=91537f8c-ae04-4098-be6d-eef3a3d7b13a
2026-08-22 09:43:16 | INFO     | httpx | HTTP Request: POST http://test/api/auth/login "HTTP/1.1 200 OK"
2026-08-22 09:43:16 | INFO     | app.services.employee_service | Employee created  employee_id=EMP-0052  user_id=108  email=emp-68d80b7c@hrms-test.com
2026-08-22 09:43:16 | INFO     | app.middleware.request_id | POST /api/employees → 201  (221.2ms)  request_id=9ac477e2-68ba-4154-951c-dd3913426a1d
2026-08-22 09:43:16 | INFO     | httpx | HTTP Request: POST http://test/api/employees "HTTP/1.1 201 Created"
2026-08-22 09:43:16 | INFO     | app.services.auth_service | User authenticated  user_id=108  login_id=EMP-0052  role=UserRole.EMPLOYEE
2026-08-22 09:43:16 | INFO     | app.middleware.request_id | POST /api/auth/login → 200  (195.6ms)  request_id=28e4f4e1-dccd-45cb-8d6c-2b4de5539e0e
2026-08-22 09:43:16 | INFO     | httpx | HTTP Request: POST http://test/api/auth/login "HTTP/1.1 200 OK"
2026-08-22 09:43:17 | INFO     | app.services.leave_service | Leave request created  employee_id=52  leave_id=12  type=LeaveType.PAID  dates=2028-01-10→2028-01-12
2026-08-22 09:43:17 | INFO     | app.middleware.request_id | POST /api/leave → 201  (53.3ms)  request_id=3f50919c-fcb2-4974-88de-88dee506e93e
2026-08-22 09:43:17 | INFO     | httpx | HTTP Request: POST http://test/api/leave "HTTP/1.1 201 Created"
2026-08-22 09:43:17 | INFO     | app.services.leave_service | Leave request decided  leave_id=12  status=LeaveStatus.REJECTED  admin_id=107
2026-08-22 09:43:17 | INFO     | app.middleware.request_id | PATCH /api/leave/12/decide → 200  (49.4ms)  request_id=7f11b910-2910-4f22-ad5f-870e81785d65
2026-08-22 09:43:17 | INFO     | httpx | HTTP Request: PATCH http://test/api/leave/12/decide "HTTP/1.1 200 OK"
2026-08-22 09:43:17 | INFO     | app.services.auth_service | User authenticated  user_id=109  login_id=ADMIN-TEST-b609a70f  role=UserRole.ADMIN
2026-08-22 09:43:17 | INFO     | app.middleware.request_id | POST /api/auth/login → 200  (196.1ms)  request_id=98d0891a-80c0-4588-b2a9-084bca4f9d91
2026-08-22 09:43:17 | INFO     | httpx | HTTP Request: POST http://test/api/auth/login "HTTP/1.1 200 OK"
2026-08-22 09:43:17 | INFO     | app.services.employee_service | Employee created  employee_id=EMP-0053  user_id=110  email=emp-a3c33b2c@hrms-test.com
2026-08-22 09:43:17 | INFO     | app.middleware.request_id | POST /api/employees → 201  (231.8ms)  request_id=68cb298d-be8f-4502-8fca-57c3d0c6cff7
2026-08-22 09:43:17 | INFO     | httpx | HTTP Request: POST http://test/api/employees "HTTP/1.1 201 Created"
2026-08-22 09:43:17 | INFO     | app.services.auth_service | User authenticated  user_id=110  login_id=EMP-0053  role=UserRole.EMPLOYEE
2026-08-22 09:43:17 | INFO     | app.middleware.request_id | POST /api/auth/login → 200  (198.4ms)  request_id=ed2b0b32-5b37-48cb-a615-6b198cfc1fbf
2026-08-22 09:43:17 | INFO     | httpx | HTTP Request: POST http://test/api/auth/login "HTTP/1.1 200 OK"
2026-08-22 09:43:17 | INFO     | app.services.leave_service | Leave request created  employee_id=53  leave_id=13  type=LeaveType.PAID  dates=2028-03-01→2028-03-03
2026-08-22 09:43:17 | INFO     | app.middleware.request_id | POST /api/leave → 201  (57.7ms)  request_id=d3a16b68-c3ca-478e-b91f-ae1f66e66525
2026-08-22 09:43:17 | INFO     | httpx | HTTP Request: POST http://test/api/leave "HTTP/1.1 201 Created"
2026-08-22 09:43:18 | INFO     | app.services.leave_service | Leave request decided  leave_id=13  status=LeaveStatus.APPROVED  admin_id=109
2026-08-22 09:43:18 | INFO     | app.middleware.request_id | PATCH /api/leave/13/decide → 200  (68.7ms)  request_id=356ef863-cab5-4c62-aeb0-960f1e8a12f7
2026-08-22 09:43:18 | INFO     | httpx | HTTP Request: PATCH http://test/api/leave/13/decide "HTTP/1.1 200 OK"
2026-08-22 09:43:18 | INFO     | app.middleware.request_id | PATCH /api/leave/13/decide → 409  (34.2ms)  request_id=1d6993db-bbb1-4f13-9b84-648d9ed31107
2026-08-22 09:43:18 | INFO     | httpx | HTTP Request: PATCH http://test/api/leave/13/decide "HTTP/1.1 409 Conflict"
2026-08-22 09:43:18 | INFO     | app.services.auth_service | User authenticated  user_id=111  login_id=ADMIN-TEST-6bc56428  role=UserRole.ADMIN
2026-08-22 09:43:18 | INFO     | app.middleware.request_id | POST /api/auth/login → 200  (202.1ms)  request_id=381e9bfa-1357-4f7b-8ec8-7ab1bb4bc721
2026-08-22 09:43:18 | INFO     | httpx | HTTP Request: POST http://test/api/auth/login "HTTP/1.1 200 OK"
2026-08-22 09:43:18 | INFO     | app.services.employee_service | Employee created  employee_id=EMP-0054  user_id=112  email=emp-854e9461@hrms-test.com
2026-08-22 09:43:18 | INFO     | app.middleware.request_id | POST /api/employees → 201  (220.1ms)  request_id=fc9b17bc-da60-4599-a5e9-2c7ec7d2e205
2026-08-22 09:43:18 | INFO     | httpx | HTTP Request: POST http://test/api/employees "HTTP/1.1 201 Created"
2026-08-22 09:43:18 | INFO     | app.services.auth_service | User authenticated  user_id=112  login_id=EMP-0054  role=UserRole.EMPLOYEE
2026-08-22 09:43:18 | INFO     | app.middleware.request_id | POST /api/auth/login → 200  (198.9ms)  request_id=f0851dbb-9af3-4e1a-8e1b-81c18f690ff9
2026-08-22 09:43:18 | INFO     | httpx | HTTP Request: POST http://test/api/auth/login "HTTP/1.1 200 OK"
2026-08-22 09:43:18 | INFO     | app.services.leave_service | Leave request created  employee_id=54  leave_id=14  type=LeaveType.PAID  dates=2028-05-01→2028-05-02
2026-08-22 09:43:18 | INFO     | app.middleware.request_id | POST /api/leave → 201  (52.9ms)  request_id=95cb5ef7-aa98-4fd8-9a33-35c482d88606
2026-08-22 09:43:18 | INFO     | httpx | HTTP Request: POST http://test/api/leave "HTTP/1.1 201 Created"
2026-08-22 09:43:18 | INFO     | app.middleware.request_id | PATCH /api/leave/14/decide → 403  (21.5ms)  request_id=dc26a648-1da1-4bb0-a411-8e18f213ca40
2026-08-22 09:43:18 | INFO     | httpx | HTTP Request: PATCH http://test/api/leave/14/decide "HTTP/1.1 403 Forbidden"
2026-08-22 09:43:19 | INFO     | app.services.auth_service | User authenticated  user_id=113  login_id=ADMIN-TEST-011470ed  role=UserRole.ADMIN
2026-08-22 09:43:19 | INFO     | app.middleware.request_id | POST /api/auth/login → 200  (216.5ms)  request_id=09636a5e-cad5-40a3-9110-6e0e0b836dc7
2026-08-22 09:43:19 | INFO     | httpx | HTTP Request: POST http://test/api/auth/login "HTTP/1.1 200 OK"
2026-08-22 09:43:19 | INFO     | app.services.employee_service | Employee created  employee_id=EMP-0055  user_id=114  email=emp-fd5f4f8e@hrms-test.com
2026-08-22 09:43:19 | INFO     | app.middleware.request_id | POST /api/employees → 201  (231.5ms)  request_id=7dbb800d-3dea-4d9e-8b77-e9935ab0e9f1
2026-08-22 09:43:19 | INFO     | httpx | HTTP Request: POST http://test/api/employees "HTTP/1.1 201 Created"
2026-08-22 09:43:19 | INFO     | app.services.auth_service | User authenticated  user_id=114  login_id=EMP-0055  role=UserRole.EMPLOYEE
2026-08-22 09:43:19 | INFO     | app.middleware.request_id | POST /api/auth/login → 200  (202.8ms)  request_id=87f053ab-7cd8-4554-bfe1-bff5a941195e
2026-08-22 09:43:19 | INFO     | httpx | HTTP Request: POST http://test/api/auth/login "HTTP/1.1 200 OK"
2026-08-22 09:43:20 | INFO     | app.services.employee_service | Employee created  employee_id=EMP-0056  user_id=115  email=b-0cbe1f@t.com
2026-08-22 09:43:20 | INFO     | app.middleware.request_id | POST /api/employees → 201  (217.8ms)  request_id=35a5508f-b6e3-47f8-a904-e129a84ee862
2026-08-22 09:43:20 | INFO     | httpx | HTTP Request: POST http://test/api/employees "HTTP/1.1 201 Created"
2026-08-22 09:43:20 | INFO     | app.services.auth_service | User authenticated  user_id=115  login_id=EMP-0056  role=UserRole.EMPLOYEE
2026-08-22 09:43:20 | INFO     | app.middleware.request_id | POST /api/auth/login → 200  (195.3ms)  request_id=7af0e49d-7060-40cc-9e27-4d0495e621d3
2026-08-22 09:43:20 | INFO     | httpx | HTTP Request: POST http://test/api/auth/login "HTTP/1.1 200 OK"
2026-08-22 09:43:20 | INFO     | app.services.leave_service | Leave request created  employee_id=56  leave_id=15  type=LeaveType.PAID  dates=2028-07-01→2028-07-03
2026-08-22 09:43:20 | INFO     | app.middleware.request_id | POST /api/leave → 201  (53.2ms)  request_id=daaacd8f-d409-4301-9858-d19094b0f33c
2026-08-22 09:43:20 | INFO     | httpx | HTTP Request: POST http://test/api/leave "HTTP/1.1 201 Created"
2026-08-22 09:43:20 | INFO     | app.middleware.request_id | GET /api/leave/15 → 403  (45.8ms)  request_id=5d27b236-e00b-4161-aa03-8bafe9ff24f4
2026-08-22 09:43:20 | INFO     | httpx | HTTP Request: GET http://test/api/leave/15 "HTTP/1.1 403 Forbidden"
2026-08-22 09:43:20 | INFO     | app.services.auth_service | User authenticated  user_id=116  login_id=ADMIN-TEST-6a8e398d  role=UserRole.ADMIN
2026-08-22 09:43:20 | INFO     | app.middleware.request_id | POST /api/auth/login → 200  (193.5ms)  request_id=6338fde0-e52e-4404-b00a-c4a165b9a868
2026-08-22 09:43:20 | INFO     | httpx | HTTP Request: POST http://test/api/auth/login "HTTP/1.1 200 OK"
2026-08-22 09:43:20 | INFO     | app.services.employee_service | Employee created  employee_id=EMP-0057  user_id=117  email=emp-5084696e@hrms-test.com
2026-08-22 09:43:20 | INFO     | app.middleware.request_id | POST /api/employees → 201  (228.9ms)  request_id=e579df41-f122-4082-9d4f-1d01d9c7b2db
2026-08-22 09:43:20 | INFO     | httpx | HTTP Request: POST http://test/api/employees "HTTP/1.1 201 Created"
2026-08-22 09:43:21 | INFO     | app.services.auth_service | User authenticated  user_id=117  login_id=EMP-0057  role=UserRole.EMPLOYEE
2026-08-22 09:43:21 | INFO     | app.middleware.request_id | POST /api/auth/login → 200  (198.1ms)  request_id=f552db60-3902-40a2-a929-adeac98f0588
2026-08-22 09:43:21 | INFO     | httpx | HTTP Request: POST http://test/api/auth/login "HTTP/1.1 200 OK"
2026-08-22 09:43:21 | INFO     | app.services.leave_service | Leave request created  employee_id=57  leave_id=16  type=LeaveType.PAID  dates=2029-02-01→2029-02-10
2026-08-22 09:43:21 | INFO     | app.middleware.request_id | POST /api/leave → 201  (116.7ms)  request_id=35209344-3aae-4552-bfa9-7c7c24621ddc
2026-08-22 09:43:21 | INFO     | httpx | HTTP Request: POST http://test/api/leave "HTTP/1.1 201 Created"
2026-08-22 09:43:21 | INFO     | app.middleware.request_id | POST /api/leave → 409  (46.9ms)  request_id=04e247eb-a9da-4fac-a211-47b456e99b26
2026-08-22 09:43:21 | INFO     | httpx | HTTP Request: POST http://test/api/leave "HTTP/1.1 409 Conflict"
2026-08-22 09:43:21 | INFO     | app.services.auth_service | User authenticated  user_id=118  login_id=ADMIN-TEST-6d9c88ea  role=UserRole.ADMIN
2026-08-22 09:43:21 | INFO     | app.middleware.request_id | POST /api/auth/login → 200  (212.6ms)  request_id=c2266fbf-3822-436e-a1dd-db6ef8f9305a
2026-08-22 09:43:21 | INFO     | httpx | HTTP Request: POST http://test/api/auth/login "HTTP/1.1 200 OK"
2026-08-22 09:43:21 | INFO     | app.services.employee_service | Employee created  employee_id=EMP-0058  user_id=119  email=emp-0e789e7a@hrms-test.com
2026-08-22 09:43:21 | INFO     | app.middleware.request_id | POST /api/employees → 201  (218.3ms)  request_id=39bbb289-45ee-4b7a-b0de-9d3d132db9c0
2026-08-22 09:43:22 | INFO     | httpx | HTTP Request: POST http://test/api/employees "HTTP/1.1 201 Created"
2026-08-22 09:43:22 | INFO     | app.services.payroll_service | Salary structure created  employee_id=58
2026-08-22 09:43:22 | INFO     | app.middleware.request_id | POST /api/payroll/58 → 201  (51.8ms)  request_id=5d6c9582-eb2c-4dec-9e73-b76fd1468106
2026-08-22 09:43:22 | INFO     | httpx | HTTP Request: POST http://test/api/payroll/58 "HTTP/1.1 201 Created"
2026-08-22 09:43:22 | INFO     | app.services.auth_service | User authenticated  user_id=120  login_id=ADMIN-TEST-1b575c4e  role=UserRole.ADMIN
2026-08-22 09:43:22 | INFO     | app.middleware.request_id | POST /api/auth/login → 200  (217.9ms)  request_id=a0830327-1324-432d-b5e6-50c052c9465c
2026-08-22 09:43:22 | INFO     | httpx | HTTP Request: POST http://test/api/auth/login "HTTP/1.1 200 OK"
2026-08-22 09:43:22 | INFO     | app.services.employee_service | Employee created  employee_id=EMP-0059  user_id=121  email=emp-99746e5d@hrms-test.com
2026-08-22 09:43:22 | INFO     | app.middleware.request_id | POST /api/employees → 201  (226.2ms)  request_id=1607587a-4b89-46c0-99dc-162d2f81e9b1
2026-08-22 09:43:22 | INFO     | httpx | HTTP Request: POST http://test/api/employees "HTTP/1.1 201 Created"
2026-08-22 09:43:22 | INFO     | app.services.payroll_service | Salary structure created  employee_id=59
2026-08-22 09:43:22 | INFO     | app.middleware.request_id | POST /api/payroll/59 → 201  (65.8ms)  request_id=d297eacd-ce41-4c05-9e05-8836ec8843da
2026-08-22 09:43:22 | INFO     | httpx | HTTP Request: POST http://test/api/payroll/59 "HTTP/1.1 201 Created"
2026-08-22 09:43:22 | INFO     | app.middleware.request_id | GET /api/payroll/59 → 200  (39.3ms)  request_id=779faaed-1197-4964-a6c2-78040f34516e
2026-08-22 09:43:22 | INFO     | httpx | HTTP Request: GET http://test/api/payroll/59 "HTTP/1.1 200 OK"
2026-08-22 09:43:23 | INFO     | app.services.auth_service | User authenticated  user_id=122  login_id=ADMIN-TEST-129d5fcc  role=UserRole.ADMIN
2026-08-22 09:43:23 | INFO     | app.middleware.request_id | POST /api/auth/login → 200  (197.0ms)  request_id=5e1e6857-cafe-4846-ae50-b48a143cf761
2026-08-22 09:43:23 | INFO     | httpx | HTTP Request: POST http://test/api/auth/login "HTTP/1.1 200 OK"
2026-08-22 09:43:23 | INFO     | app.services.employee_service | Employee created  employee_id=EMP-0060  user_id=123  email=emp-a8154c6f@hrms-test.com
2026-08-22 09:43:23 | INFO     | app.middleware.request_id | POST /api/employees → 201  (226.7ms)  request_id=ee4ae91b-b09f-47da-ad2c-ffea47bee21a
2026-08-22 09:43:23 | INFO     | httpx | HTTP Request: POST http://test/api/employees "HTTP/1.1 201 Created"
2026-08-22 09:43:23 | INFO     | app.services.auth_service | User authenticated  user_id=123  login_id=EMP-0060  role=UserRole.EMPLOYEE
2026-08-22 09:43:23 | INFO     | app.middleware.request_id | POST /api/auth/login → 200  (215.8ms)  request_id=42664280-b07c-4271-8ed9-5ed43ccbab9c
2026-08-22 09:43:23 | INFO     | httpx | HTTP Request: POST http://test/api/auth/login "HTTP/1.1 200 OK"
2026-08-22 09:43:23 | INFO     | app.services.payroll_service | Salary structure created  employee_id=60
2026-08-22 09:43:23 | INFO     | app.middleware.request_id | POST /api/payroll/60 → 201  (49.3ms)  request_id=661f338d-353a-45c4-a090-7b40f0ab029c
2026-08-22 09:43:23 | INFO     | httpx | HTTP Request: POST http://test/api/payroll/60 "HTTP/1.1 201 Created"
2026-08-22 09:43:23 | INFO     | app.middleware.request_id | GET /api/payroll/me → 200  (27.5ms)  request_id=8686a07c-569e-4836-8a4b-53b82b1ed6eb
2026-08-22 09:43:23 | INFO     | httpx | HTTP Request: GET http://test/api/payroll/me "HTTP/1.1 200 OK"
2026-08-22 09:43:23 | INFO     | app.middleware.request_id | POST /api/payroll/60 → 403  (28.9ms)  request_id=437899a8-b1ee-4df1-9bdf-cb3d9950dd55
2026-08-22 09:43:23 | INFO     | httpx | HTTP Request: POST http://test/api/payroll/60 "HTTP/1.1 403 Forbidden"
2026-08-22 09:43:23 | INFO     | app.middleware.request_id | PATCH /api/payroll/60 → 403  (27.3ms)  request_id=76e4c830-f775-42b4-9dc4-50d2e1a28d15
2026-08-22 09:43:23 | INFO     | httpx | HTTP Request: PATCH http://test/api/payroll/60 "HTTP/1.1 403 Forbidden"
2026-08-22 09:43:24 | INFO     | app.services.auth_service | User authenticated  user_id=124  login_id=ADMIN-TEST-38791753  role=UserRole.ADMIN
2026-08-22 09:43:24 | INFO     | app.middleware.request_id | POST /api/auth/login → 200  (195.9ms)  request_id=57030cf9-b0b9-4793-8d82-9f5ecab96bdc
2026-08-22 09:43:24 | INFO     | httpx | HTTP Request: POST http://test/api/auth/login "HTTP/1.1 200 OK"
2026-08-22 09:43:24 | INFO     | app.services.employee_service | Employee created  employee_id=EMP-0061  user_id=125  email=emp-41763b51@hrms-test.com
2026-08-22 09:43:24 | INFO     | app.middleware.request_id | POST /api/employees → 201  (225.6ms)  request_id=d7fcb5ab-9eca-4c57-ae65-8036fd1e4aa5
2026-08-22 09:43:24 | INFO     | httpx | HTTP Request: POST http://test/api/employees "HTTP/1.1 201 Created"
2026-08-22 09:43:24 | INFO     | app.services.payroll_service | Salary structure created  employee_id=61
2026-08-22 09:43:24 | INFO     | app.middleware.request_id | POST /api/payroll/61 → 201  (72.1ms)  request_id=5849a124-4ec1-4ca8-8959-613c85f7cc9b
2026-08-22 09:43:24 | INFO     | httpx | HTTP Request: POST http://test/api/payroll/61 "HTTP/1.1 201 Created"
2026-08-22 09:43:24 | INFO     | app.services.payroll_service | Salary structure updated  employee_id=61
2026-08-22 09:43:24 | INFO     | app.middleware.request_id | PATCH /api/payroll/61 → 200  (52.9ms)  request_id=872da410-f26a-4c80-bd79-8559571c2a88
2026-08-22 09:43:24 | INFO     | httpx | HTTP Request: PATCH http://test/api/payroll/61 "HTTP/1.1 200 OK"
2026-08-22 09:43:37 | INFO     | app.main | Dayflow HRMS started  version=0.1.0
2026-08-22 09:43:46 | INFO     | app.main | Dayflow HRMS started  version=0.1.0
2026-08-22 09:43:47 | INFO     | app.services.auth_service | User authenticated  user_id=126  login_id=ADMIN-TEST-9930784b  role=UserRole.ADMIN
2026-08-22 09:43:47 | INFO     | app.middleware.request_id | POST /api/auth/login → 200  (208.2ms)  request_id=c7cb857b-8dc1-4ac5-9962-b8c701cb8a00
2026-08-22 09:43:47 | INFO     | httpx | HTTP Request: POST http://test/api/auth/login "HTTP/1.1 200 OK"
2026-08-22 09:43:47 | INFO     | app.services.employee_service | Employee created  employee_id=EMP-0062  user_id=127  email=emp-f9a7dfed@hrms-test.com
2026-08-22 09:43:47 | INFO     | app.middleware.request_id | POST /api/employees → 201  (239.5ms)  request_id=62987f50-8574-41e5-82a2-b908559ac37a
2026-08-22 09:43:47 | INFO     | httpx | HTTP Request: POST http://test/api/employees "HTTP/1.1 201 Created"
2026-08-22 09:43:47 | INFO     | app.services.auth_service | User authenticated  user_id=127  login_id=EMP-0062  role=UserRole.EMPLOYEE
2026-08-22 09:43:47 | INFO     | app.middleware.request_id | POST /api/auth/login → 200  (197.8ms)  request_id=7c14be5e-887f-4183-9f53-22e8a909cba7
2026-08-22 09:43:47 | INFO     | httpx | HTTP Request: POST http://test/api/auth/login "HTTP/1.1 200 OK"
2026-08-22 09:43:47 | INFO     | app.services.attendance_service | Check-in recorded  employee_id=62  time=2026-08-22T04:13:47.643850+00:00
2026-08-22 09:43:47 | INFO     | app.middleware.request_id | POST /api/attendance/check-in → 201  (52.5ms)  request_id=1f85d28a-aac5-4d18-b7ea-cac5a3f26826
2026-08-22 09:43:47 | INFO     | httpx | HTTP Request: POST http://test/api/attendance/check-in "HTTP/1.1 201 Created"
2026-08-22 09:43:48 | INFO     | app.services.auth_service | User authenticated  user_id=128  login_id=ADMIN-TEST-d357432b  role=UserRole.ADMIN
2026-08-22 09:43:48 | INFO     | app.middleware.request_id | POST /api/auth/login → 200  (203.9ms)  request_id=078de082-5d3d-4d4d-b751-273af27b921d
2026-08-22 09:43:48 | INFO     | httpx | HTTP Request: POST http://test/api/auth/login "HTTP/1.1 200 OK"
2026-08-22 09:43:48 | INFO     | app.services.employee_service | Employee created  employee_id=EMP-0063  user_id=129  email=emp-f5e5e4d9@hrms-test.com
2026-08-22 09:43:48 | INFO     | app.middleware.request_id | POST /api/employees → 201  (230.8ms)  request_id=525fca54-e41e-4b6b-9980-95b3e95fd7ce
2026-08-22 09:43:48 | INFO     | httpx | HTTP Request: POST http://test/api/employees "HTTP/1.1 201 Created"
2026-08-22 09:43:48 | INFO     | app.services.auth_service | User authenticated  user_id=129  login_id=EMP-0063  role=UserRole.EMPLOYEE
2026-08-22 09:43:48 | INFO     | app.middleware.request_id | POST /api/auth/login → 200  (212.4ms)  request_id=33b37970-66f2-49d5-8b59-b06e9ead41fc
2026-08-22 09:43:48 | INFO     | httpx | HTTP Request: POST http://test/api/auth/login "HTTP/1.1 200 OK"
2026-08-22 09:43:48 | INFO     | app.services.attendance_service | Check-in recorded  employee_id=63  time=2026-08-22T04:13:48.583714+00:00
2026-08-22 09:43:48 | INFO     | app.middleware.request_id | POST /api/attendance/check-in → 201  (66.0ms)  request_id=7e8658df-3e47-49c0-bf6b-c3a769d4d7b9
2026-08-22 09:43:48 | INFO     | httpx | HTTP Request: POST http://test/api/attendance/check-in "HTTP/1.1 201 Created"
2026-08-22 09:43:48 | INFO     | app.middleware.request_id | POST /api/attendance/check-in → 409  (34.2ms)  request_id=9dc5ee54-0fa5-424a-8c5a-b5d77d1336ad
2026-08-22 09:43:48 | INFO     | httpx | HTTP Request: POST http://test/api/attendance/check-in "HTTP/1.1 409 Conflict"
2026-08-22 09:43:49 | INFO     | app.services.auth_service | User authenticated  user_id=130  login_id=ADMIN-TEST-073a7d06  role=UserRole.ADMIN
2026-08-22 09:43:49 | INFO     | app.middleware.request_id | POST /api/auth/login → 200  (196.4ms)  request_id=5ff2d02a-f298-4a0c-b6d3-20277ed81213
2026-08-22 09:43:49 | INFO     | httpx | HTTP Request: POST http://test/api/auth/login "HTTP/1.1 200 OK"
2026-08-22 09:43:49 | INFO     | app.services.employee_service | Employee created  employee_id=EMP-0064  user_id=131  email=nci-11806b@t.com
2026-08-22 09:43:49 | INFO     | app.middleware.request_id | POST /api/employees → 201  (234.2ms)  request_id=eb03370b-9668-4e1e-b337-18c358313a1c
2026-08-22 09:43:49 | INFO     | httpx | HTTP Request: POST http://test/api/employees "HTTP/1.1 201 Created"
2026-08-22 09:43:49 | INFO     | app.services.auth_service | User authenticated  user_id=131  login_id=EMP-0064  role=UserRole.EMPLOYEE
2026-08-22 09:43:49 | INFO     | app.middleware.request_id | POST /api/auth/login → 200  (221.0ms)  request_id=e2086710-8b9c-4c92-aea6-5a99aa3ab9d3
2026-08-22 09:43:49 | INFO     | httpx | HTTP Request: POST http://test/api/auth/login "HTTP/1.1 200 OK"
2026-08-22 09:43:49 | INFO     | app.middleware.request_id | POST /api/attendance/check-out → 409  (32.8ms)  request_id=6c0da2b3-6ea5-4ce6-bc40-4178b444e02e
2026-08-22 09:43:49 | INFO     | httpx | HTTP Request: POST http://test/api/attendance/check-out "HTTP/1.1 409 Conflict"
2026-08-22 09:43:50 | INFO     | app.services.auth_service | User authenticated  user_id=132  login_id=ADMIN-TEST-b7b18a69  role=UserRole.ADMIN
2026-08-22 09:43:50 | INFO     | app.middleware.request_id | POST /api/auth/login → 200  (231.1ms)  request_id=376d8098-f6da-4120-9ea5-4b413b411203
2026-08-22 09:43:50 | INFO     | httpx | HTTP Request: POST http://test/api/auth/login "HTTP/1.1 200 OK"
2026-08-22 09:43:50 | INFO     | app.services.employee_service | Employee created  employee_id=EMP-0065  user_id=133  email=chk-a4879a@t.com
2026-08-22 09:43:50 | INFO     | app.middleware.request_id | POST /api/employees → 201  (231.8ms)  request_id=200c89e6-7746-4b3f-bff9-bfb5f74d62b6
2026-08-22 09:43:50 | INFO     | httpx | HTTP Request: POST http://test/api/employees "HTTP/1.1 201 Created"
2026-08-22 09:43:50 | INFO     | app.services.auth_service | User authenticated  user_id=133  login_id=EMP-0065  role=UserRole.EMPLOYEE
2026-08-22 09:43:50 | INFO     | app.middleware.request_id | POST /api/auth/login → 200  (228.0ms)  request_id=de102e6b-b364-44aa-9541-af00906804ee
2026-08-22 09:43:50 | INFO     | httpx | HTTP Request: POST http://test/api/auth/login "HTTP/1.1 200 OK"
2026-08-22 09:43:50 | INFO     | app.services.attendance_service | Check-in recorded  employee_id=65  time=2026-08-22T04:13:50.498560+00:00
2026-08-22 09:43:50 | INFO     | app.middleware.request_id | POST /api/attendance/check-in → 201  (54.6ms)  request_id=abca9604-03b9-461f-9f54-b750a25884bf
2026-08-22 09:43:50 | INFO     | httpx | HTTP Request: POST http://test/api/attendance/check-in "HTTP/1.1 201 Created"
2026-08-22 09:43:50 | INFO     | app.services.attendance_service | Check-out recorded  employee_id=65  work_hours=0.00
2026-08-22 09:43:50 | INFO     | app.middleware.request_id | POST /api/attendance/check-out → 200  (65.1ms)  request_id=eb772918-2c3e-43f8-b7b9-28162f9c46b8
2026-08-22 09:43:50 | INFO     | httpx | HTTP Request: POST http://test/api/attendance/check-out "HTTP/1.1 200 OK"
2026-08-22 09:43:50 | INFO     | app.services.auth_service | User authenticated  user_id=134  login_id=ADMIN-TEST-918a50fc  role=UserRole.ADMIN
2026-08-22 09:43:50 | INFO     | app.middleware.request_id | POST /api/auth/login → 200  (197.2ms)  request_id=30b7d387-cc39-4326-aa24-202fc575c641
2026-08-22 09:43:50 | INFO     | httpx | HTTP Request: POST http://test/api/auth/login "HTTP/1.1 200 OK"
2026-08-22 09:43:51 | INFO     | app.middleware.request_id | GET /api/auth/me → 200  (24.9ms)  request_id=9cfc9274-ee9d-41ce-878c-dd2e2d55c62d
2026-08-22 09:43:51 | INFO     | httpx | HTTP Request: GET http://test/api/auth/me "HTTP/1.1 200 OK"
2026-08-22 09:43:51 | WARNING  | app.services.auth_service | Failed login attempt for identifier=ADMIN-TEST-d1f0f6c1
2026-08-22 09:43:51 | INFO     | app.middleware.request_id | POST /api/auth/login → 401  (194.5ms)  request_id=8bb6fe7f-8362-40df-a0e4-f7a84a3b9b79
2026-08-22 09:43:51 | INFO     | httpx | HTTP Request: POST http://test/api/auth/login "HTTP/1.1 401 Unauthorized"
2026-08-22 09:43:51 | WARNING  | app.services.auth_service | Failed login attempt for identifier=GHOST-9999
2026-08-22 09:43:51 | INFO     | app.middleware.request_id | POST /api/auth/login → 401  (23.7ms)  request_id=a78bc5ca-7dbf-4d0e-a453-6921ff955cb7
2026-08-22 09:43:51 | INFO     | httpx | HTTP Request: POST http://test/api/auth/login "HTTP/1.1 401 Unauthorized"
2026-08-22 09:43:51 | INFO     | app.middleware.request_id | GET /api/employees → 401  (0.3ms)  request_id=f084de33-8f9d-4b2f-a3f3-3090791e1a48
2026-08-22 09:43:51 | INFO     | httpx | HTTP Request: GET http://test/api/employees "HTTP/1.1 401 Unauthorized"
2026-08-22 09:43:51 | INFO     | app.middleware.request_id | GET /api/employees → 401  (0.4ms)  request_id=bde87431-acfa-4fec-8893-764d8db8b941
2026-08-22 09:43:51 | INFO     | httpx | HTTP Request: GET http://test/api/employees "HTTP/1.1 401 Unauthorized"
2026-08-22 09:43:51 | INFO     | app.services.auth_service | User authenticated  user_id=136  login_id=ADMIN-TEST-bb109f82  role=UserRole.ADMIN
2026-08-22 09:43:51 | INFO     | app.middleware.request_id | POST /api/auth/login → 200  (195.0ms)  request_id=23c8d2cc-ebe7-40c3-9aae-c3ccb36f7be7
2026-08-22 09:43:51 | INFO     | httpx | HTTP Request: POST http://test/api/auth/login "HTTP/1.1 200 OK"
2026-08-22 09:43:52 | INFO     | app.services.employee_service | Employee created  employee_id=EMP-0066  user_id=137  email=emp-073fe394@hrms-test.com
2026-08-22 09:43:52 | INFO     | app.middleware.request_id | POST /api/employees → 201  (224.2ms)  request_id=3eb6f27a-93d5-41e3-8028-747069353672
2026-08-22 09:43:52 | INFO     | httpx | HTTP Request: POST http://test/api/employees "HTTP/1.1 201 Created"
2026-08-22 09:43:52 | INFO     | app.services.auth_service | User authenticated  user_id=137  login_id=EMP-0066  role=UserRole.EMPLOYEE
2026-08-22 09:43:52 | INFO     | app.middleware.request_id | POST /api/auth/login → 200  (192.6ms)  request_id=ba1378e6-3b19-4d12-9893-b38584170c3e
2026-08-22 09:43:52 | INFO     | httpx | HTTP Request: POST http://test/api/auth/login "HTTP/1.1 200 OK"
2026-08-22 09:43:52 | INFO     | app.services.auth_service | Password changed  user_id=137
2026-08-22 09:43:52 | INFO     | app.middleware.request_id | POST /api/auth/change-password → 204  (360.6ms)  request_id=6d454e4e-9999-4fc7-8d35-537ea517f0f1
2026-08-22 09:43:52 | INFO     | httpx | HTTP Request: POST http://test/api/auth/change-password "HTTP/1.1 204 No Content"
2026-08-22 09:43:52 | INFO     | app.services.auth_service | User authenticated  user_id=137  login_id=EMP-0066  role=UserRole.EMPLOYEE
2026-08-22 09:43:52 | INFO     | app.middleware.request_id | POST /api/auth/login → 200  (252.0ms)  request_id=a43f7681-b1f1-46ce-92ad-e644da90fc89
2026-08-22 09:43:52 | INFO     | httpx | HTTP Request: POST http://test/api/auth/login "HTTP/1.1 200 OK"
2026-08-22 09:43:53 | WARNING  | app.services.auth_service | Failed login attempt for identifier=EMP-0066
2026-08-22 09:43:53 | INFO     | app.middleware.request_id | POST /api/auth/login → 401  (210.3ms)  request_id=810db470-0ceb-4703-bdd4-e46e714986e5
2026-08-22 09:43:53 | INFO     | httpx | HTTP Request: POST http://test/api/auth/login "HTTP/1.1 401 Unauthorized"
2026-08-22 09:43:53 | INFO     | app.services.auth_service | User authenticated  user_id=138  login_id=ADMIN-TEST-44d94c40  role=UserRole.ADMIN
2026-08-22 09:43:53 | INFO     | app.middleware.request_id | POST /api/auth/login → 200  (280.5ms)  request_id=0b3487cb-222e-438f-b803-eafec9adbe96
2026-08-22 09:43:53 | INFO     | httpx | HTTP Request: POST http://test/api/auth/login "HTTP/1.1 200 OK"
2026-08-22 09:43:53 | INFO     | app.services.employee_service | Employee created  employee_id=EMP-0067  user_id=139  email=emp-04e45679@hrms-test.com
2026-08-22 09:43:53 | INFO     | app.middleware.request_id | POST /api/employees → 201  (227.8ms)  request_id=742541ee-e84a-41a9-b18e-3f0a93ba9219
2026-08-22 09:43:53 | INFO     | httpx | HTTP Request: POST http://test/api/employees "HTTP/1.1 201 Created"
2026-08-22 09:43:54 | INFO     | app.services.auth_service | User authenticated  user_id=139  login_id=EMP-0067  role=UserRole.EMPLOYEE
2026-08-22 09:43:54 | INFO     | app.middleware.request_id | POST /api/auth/login → 200  (195.3ms)  request_id=3a2e67a9-a00e-45c7-b7f3-26146af9aa96
2026-08-22 09:43:54 | INFO     | httpx | HTTP Request: POST http://test/api/auth/login "HTTP/1.1 200 OK"
2026-08-22 09:43:54 | INFO     | app.middleware.request_id | POST /api/auth/change-password → 409  (198.8ms)  request_id=baace510-97fa-42a9-a7a8-fe0ef79a56a6
2026-08-22 09:43:54 | INFO     | httpx | HTTP Request: POST http://test/api/auth/change-password "HTTP/1.1 409 Conflict"
2026-08-22 09:43:54 | INFO     | app.services.auth_service | User authenticated  user_id=140  login_id=ADMIN-TEST-14ae64ee  role=UserRole.ADMIN
2026-08-22 09:43:54 | INFO     | app.middleware.request_id | POST /api/auth/login → 200  (199.4ms)  request_id=a7480044-3d9a-4423-95f4-ae9087888264
2026-08-22 09:43:54 | INFO     | httpx | HTTP Request: POST http://test/api/auth/login "HTTP/1.1 200 OK"
2026-08-22 09:43:54 | INFO     | app.services.employee_service | Employee created  employee_id=EMP-0068  user_id=141  email=alice-30b960@test.com
2026-08-22 09:43:54 | INFO     | app.middleware.request_id | POST /api/employees → 201  (222.6ms)  request_id=fe8379b6-40f6-4acf-a820-173295a15ad6
2026-08-22 09:43:54 | INFO     | httpx | HTTP Request: POST http://test/api/employees "HTTP/1.1 201 Created"
2026-08-22 09:43:55 | INFO     | app.services.auth_service | User authenticated  user_id=142  login_id=ADMIN-TEST-52918f6b  role=UserRole.ADMIN
2026-08-22 09:43:55 | INFO     | app.middleware.request_id | POST /api/auth/login → 200  (205.2ms)  request_id=3aac3838-f1c7-4a61-8d9e-f52f6c3d761a
2026-08-22 09:43:55 | INFO     | httpx | HTTP Request: POST http://test/api/auth/login "HTTP/1.1 200 OK"
2026-08-22 09:43:55 | INFO     | app.services.employee_service | Employee created  employee_id=EMP-0069  user_id=143  email=emp-641a288b@hrms-test.com
2026-08-22 09:43:55 | INFO     | app.middleware.request_id | POST /api/employees → 201  (237.5ms)  request_id=bcfe1d5c-255a-4ef8-bb23-9b1256999c1d
2026-08-22 09:43:55 | INFO     | httpx | HTTP Request: POST http://test/api/employees "HTTP/1.1 201 Created"
2026-08-22 09:43:55 | INFO     | app.services.auth_service | User authenticated  user_id=143  login_id=EMP-0069  role=UserRole.EMPLOYEE
2026-08-22 09:43:55 | INFO     | app.middleware.request_id | POST /api/auth/login → 200  (219.6ms)  request_id=474005e7-f1e9-4a46-9941-913ef7439640
2026-08-22 09:43:55 | INFO     | httpx | HTTP Request: POST http://test/api/auth/login "HTTP/1.1 200 OK"
2026-08-22 09:43:55 | INFO     | app.middleware.request_id | POST /api/employees → 403  (23.3ms)  request_id=9fe7b0f6-7ff8-469d-8b31-c474bce23db4
2026-08-22 09:43:55 | INFO     | httpx | HTTP Request: POST http://test/api/employees "HTTP/1.1 403 Forbidden"
2026-08-22 09:43:56 | INFO     | app.services.auth_service | User authenticated  user_id=144  login_id=ADMIN-TEST-e4f9f297  role=UserRole.ADMIN
2026-08-22 09:43:56 | INFO     | app.middleware.request_id | POST /api/auth/login → 200  (224.1ms)  request_id=2e3eab54-3de7-4811-9051-d992569478f1
2026-08-22 09:43:56 | INFO     | httpx | HTTP Request: POST http://test/api/auth/login "HTTP/1.1 200 OK"
2026-08-22 09:43:56 | INFO     | app.services.employee_service | Employee created  employee_id=EMP-0070  user_id=145  email=emp-48c66257@hrms-test.com
2026-08-22 09:43:56 | INFO     | app.middleware.request_id | POST /api/employees → 201  (229.2ms)  request_id=a8dff7c2-225e-49f8-8b2e-f1f0e3e54719
2026-08-22 09:43:56 | INFO     | httpx | HTTP Request: POST http://test/api/employees "HTTP/1.1 201 Created"
2026-08-22 09:43:56 | INFO     | app.services.employee_service | Employee created  employee_id=EMP-0071  user_id=146  email=dup-668a15@test.com
2026-08-22 09:43:56 | INFO     | app.middleware.request_id | POST /api/employees → 201  (234.9ms)  request_id=0179dc80-2a95-4b13-9b10-149b731760e4
2026-08-22 09:43:56 | INFO     | httpx | HTTP Request: POST http://test/api/employees "HTTP/1.1 201 Created"
2026-08-22 09:43:56 | INFO     | app.middleware.request_id | POST /api/employees → 409  (26.7ms)  request_id=2b12a183-3f54-4942-8a7e-245f68796941
2026-08-22 09:43:56 | INFO     | httpx | HTTP Request: POST http://test/api/employees "HTTP/1.1 409 Conflict"
2026-08-22 09:43:57 | INFO     | app.services.auth_service | User authenticated  user_id=147  login_id=ADMIN-TEST-ba02246b  role=UserRole.ADMIN
2026-08-22 09:43:57 | INFO     | app.middleware.request_id | POST /api/auth/login → 200  (201.5ms)  request_id=440118b5-63ef-4602-964d-dc3114a67e57
2026-08-22 09:43:57 | INFO     | httpx | HTTP Request: POST http://test/api/auth/login "HTTP/1.1 200 OK"
2026-08-22 09:43:57 | INFO     | app.services.employee_service | Employee created  employee_id=EMP-0072  user_id=148  email=x1-4a6e84@t.com
2026-08-22 09:43:57 | INFO     | app.middleware.request_id | POST /api/employees → 201  (227.0ms)  request_id=343176e9-4e74-4e1f-a75c-cda481dcf125
2026-08-22 09:43:57 | INFO     | httpx | HTTP Request: POST http://test/api/employees "HTTP/1.1 201 Created"
2026-08-22 09:43:57 | INFO     | app.services.employee_service | Employee created  employee_id=EMP-0073  user_id=149  email=x2-6b8f59@t.com
2026-08-22 09:43:57 | INFO     | app.middleware.request_id | POST /api/employees → 201  (228.9ms)  request_id=2ffe6fea-04ea-451b-879c-e4799f0e6431
2026-08-22 09:43:57 | INFO     | httpx | HTTP Request: POST http://test/api/employees "HTTP/1.1 201 Created"
2026-08-22 09:43:57 | INFO     | app.services.auth_service | User authenticated  user_id=150  login_id=ADMIN-TEST-d5057123  role=UserRole.ADMIN
2026-08-22 09:43:57 | INFO     | app.middleware.request_id | POST /api/auth/login → 200  (200.7ms)  request_id=67b4f125-eb8a-4526-ab1e-82dd754bdbc6
2026-08-22 09:43:57 | INFO     | httpx | HTTP Request: POST http://test/api/auth/login "HTTP/1.1 200 OK"
2026-08-22 09:43:58 | INFO     | app.services.employee_service | Employee created  employee_id=EMP-0074  user_id=151  email=emp-570f074c@hrms-test.com
2026-08-22 09:43:58 | INFO     | app.middleware.request_id | POST /api/employees → 201  (221.9ms)  request_id=1021ed58-5ceb-4246-90e9-6b6b4f5ba488
2026-08-22 09:43:58 | INFO     | httpx | HTTP Request: POST http://test/api/employees "HTTP/1.1 201 Created"
2026-08-22 09:43:58 | INFO     | app.services.auth_service | User authenticated  user_id=151  login_id=EMP-0074  role=UserRole.EMPLOYEE
2026-08-22 09:43:58 | INFO     | app.middleware.request_id | POST /api/auth/login → 200  (194.5ms)  request_id=5f44bfa1-b550-4a59-91c2-8cdc66bb45df
2026-08-22 09:43:58 | INFO     | httpx | HTTP Request: POST http://test/api/auth/login "HTTP/1.1 200 OK"
2026-08-22 09:43:58 | INFO     | app.middleware.request_id | GET /api/employees/me → 200  (37.7ms)  request_id=ea79eebb-000b-442c-a5c2-d2b49c99b61c
2026-08-22 09:43:58 | INFO     | httpx | HTTP Request: GET http://test/api/employees/me "HTTP/1.1 200 OK"
2026-08-22 09:43:58 | INFO     | app.services.auth_service | User authenticated  user_id=152  login_id=ADMIN-TEST-a70fd75c  role=UserRole.ADMIN
2026-08-22 09:43:58 | INFO     | app.middleware.request_id | POST /api/auth/login → 200  (212.8ms)  request_id=effd01e5-6111-4fdf-8497-2da4be908241
2026-08-22 09:43:58 | INFO     | httpx | HTTP Request: POST http://test/api/auth/login "HTTP/1.1 200 OK"
2026-08-22 09:43:59 | INFO     | app.services.employee_service | Employee created  employee_id=EMP-0075  user_id=153  email=emp-be84f867@hrms-test.com
2026-08-22 09:43:59 | INFO     | app.middleware.request_id | POST /api/employees → 201  (233.6ms)  request_id=109ad052-2b90-4afa-b699-7e69dc2d7d09
2026-08-22 09:43:59 | INFO     | httpx | HTTP Request: POST http://test/api/employees "HTTP/1.1 201 Created"
2026-08-22 09:43:59 | INFO     | app.services.auth_service | User authenticated  user_id=153  login_id=EMP-0075  role=UserRole.EMPLOYEE
2026-08-22 09:43:59 | INFO     | app.middleware.request_id | POST /api/auth/login → 200  (200.2ms)  request_id=7bf0422d-390e-431e-b098-74eae5c26d67
2026-08-22 09:43:59 | INFO     | httpx | HTTP Request: POST http://test/api/auth/login "HTTP/1.1 200 OK"
2026-08-22 09:43:59 | INFO     | app.services.employee_service | Employee created  employee_id=EMP-0076  user_id=154  email=other-ea550d@t.com
2026-08-22 09:43:59 | INFO     | app.middleware.request_id | POST /api/employees → 201  (224.1ms)  request_id=bc927968-3db1-48fb-8d1a-14a0642c6ebc
2026-08-22 09:43:59 | INFO     | httpx | HTTP Request: POST http://test/api/employees "HTTP/1.1 201 Created"
2026-08-22 09:43:59 | INFO     | app.middleware.request_id | GET /api/employees/76 → 403  (37.4ms)  request_id=c7b17b7f-2c65-4855-9099-abfbeeeee4e7
2026-08-22 09:43:59 | INFO     | httpx | HTTP Request: GET http://test/api/employees/76 "HTTP/1.1 403 Forbidden"
2026-08-22 09:43:59 | INFO     | app.services.auth_service | User authenticated  user_id=155  login_id=ADMIN-TEST-ad3c2f18  role=UserRole.ADMIN
2026-08-22 09:43:59 | INFO     | app.middleware.request_id | POST /api/auth/login → 200  (196.2ms)  request_id=f0a464d2-b3cd-4860-94f6-905e4eb758a9
2026-08-22 09:43:59 | INFO     | httpx | HTTP Request: POST http://test/api/auth/login "HTTP/1.1 200 OK"
2026-08-22 09:44:00 | INFO     | app.services.employee_service | Employee created  employee_id=EMP-0077  user_id=156  email=emp-6554d309@hrms-test.com
2026-08-22 09:44:00 | INFO     | app.middleware.request_id | POST /api/employees → 201  (233.9ms)  request_id=e494073f-c1c0-4659-895c-884a85834215
2026-08-22 09:44:00 | INFO     | httpx | HTTP Request: POST http://test/api/employees "HTTP/1.1 201 Created"
2026-08-22 09:44:00 | INFO     | app.services.employee_service | Employee updated by admin  employee_id=77
2026-08-22 09:44:00 | INFO     | app.middleware.request_id | PATCH /api/employees/77 → 200  (57.7ms)  request_id=5d4c9a83-3b14-4d72-a3d1-637fe054e675
2026-08-22 09:44:00 | INFO     | httpx | HTTP Request: PATCH http://test/api/employees/77 "HTTP/1.1 200 OK"
2026-08-22 09:44:00 | INFO     | app.services.auth_service | User authenticated  user_id=157  login_id=ADMIN-TEST-60502ace  role=UserRole.ADMIN
2026-08-22 09:44:00 | INFO     | app.middleware.request_id | POST /api/auth/login → 200  (206.5ms)  request_id=78f92259-e061-42ce-8845-f4e0c4cdfa91
2026-08-22 09:44:00 | INFO     | httpx | HTTP Request: POST http://test/api/auth/login "HTTP/1.1 200 OK"
2026-08-22 09:44:00 | INFO     | app.services.employee_service | Employee created  employee_id=EMP-0078  user_id=158  email=emp-beb2b927@hrms-test.com
2026-08-22 09:44:00 | INFO     | app.middleware.request_id | POST /api/employees → 201  (229.5ms)  request_id=e27c8a1c-aeda-471e-8dd0-685c4aa8076a
2026-08-22 09:44:00 | INFO     | httpx | HTTP Request: POST http://test/api/employees "HTTP/1.1 201 Created"
2026-08-22 09:44:01 | INFO     | app.services.auth_service | User authenticated  user_id=158  login_id=EMP-0078  role=UserRole.EMPLOYEE
2026-08-22 09:44:01 | INFO     | app.middleware.request_id | POST /api/auth/login → 200  (196.3ms)  request_id=4d5f7d07-292b-4c1c-b05d-c2a56cdee14a
2026-08-22 09:44:01 | INFO     | httpx | HTTP Request: POST http://test/api/auth/login "HTTP/1.1 200 OK"
2026-08-22 09:44:01 | INFO     | app.services.leave_service | Leave request created  employee_id=78  leave_id=17  type=LeaveType.PAID  dates=2027-10-01→2027-10-03
2026-08-22 09:44:01 | INFO     | app.middleware.request_id | POST /api/leave → 201  (53.7ms)  request_id=eb8e9884-0d29-49e0-9bfa-e2fece42237e
2026-08-22 09:44:01 | INFO     | httpx | HTTP Request: POST http://test/api/leave "HTTP/1.1 201 Created"
2026-08-22 09:44:01 | INFO     | app.services.auth_service | User authenticated  user_id=159  login_id=ADMIN-TEST-01e7e09f  role=UserRole.ADMIN
2026-08-22 09:44:01 | INFO     | app.middleware.request_id | POST /api/auth/login → 200  (197.5ms)  request_id=930ae61b-c603-4c47-8cb3-5b6664887f07
2026-08-22 09:44:01 | INFO     | httpx | HTTP Request: POST http://test/api/auth/login "HTTP/1.1 200 OK"
2026-08-22 09:44:01 | INFO     | app.services.employee_service | Employee created  employee_id=EMP-0079  user_id=160  email=emp-c805c425@hrms-test.com
2026-08-22 09:44:01 | INFO     | app.middleware.request_id | POST /api/employees → 201  (221.6ms)  request_id=1b126b42-1b91-4075-b8a1-ff0ead961ddc
2026-08-22 09:44:01 | INFO     | httpx | HTTP Request: POST http://test/api/employees "HTTP/1.1 201 Created"
2026-08-22 09:44:01 | INFO     | app.services.auth_service | User authenticated  user_id=160  login_id=EMP-0079  role=UserRole.EMPLOYEE
2026-08-22 09:44:01 | INFO     | app.middleware.request_id | POST /api/auth/login → 200  (194.4ms)  request_id=c4ca9151-c98c-4ccd-af7a-41bb12935219
2026-08-22 09:44:01 | INFO     | httpx | HTTP Request: POST http://test/api/auth/login "HTTP/1.1 200 OK"
2026-08-22 09:44:01 | INFO     | app.middleware.request_id | POST /api/leave → 422  (31.5ms)  request_id=af5795e7-7fbf-4206-ba0a-7eaa57792980
2026-08-22 09:44:01 | INFO     | httpx | HTTP Request: POST http://test/api/leave "HTTP/1.1 422 Unprocessable Entity"
2026-08-22 09:44:02 | INFO     | app.services.auth_service | User authenticated  user_id=161  login_id=ADMIN-TEST-2b12ab74  role=UserRole.ADMIN
2026-08-22 09:44:02 | INFO     | app.middleware.request_id | POST /api/auth/login → 200  (218.1ms)  request_id=a612b2b7-c023-4ed0-a32a-372c2232f8a8
2026-08-22 09:44:02 | INFO     | httpx | HTTP Request: POST http://test/api/auth/login "HTTP/1.1 200 OK"
2026-08-22 09:44:02 | INFO     | app.services.employee_service | Employee created  employee_id=EMP-0080  user_id=162  email=emp-d362035f@hrms-test.com
2026-08-22 09:44:02 | INFO     | app.middleware.request_id | POST /api/employees → 201  (221.6ms)  request_id=cdfca40d-d0b2-4376-9b76-08a6832e4cc5
2026-08-22 09:44:02 | INFO     | httpx | HTTP Request: POST http://test/api/employees "HTTP/1.1 201 Created"
2026-08-22 09:44:02 | INFO     | app.services.auth_service | User authenticated  user_id=162  login_id=EMP-0080  role=UserRole.EMPLOYEE
2026-08-22 09:44:02 | INFO     | app.middleware.request_id | POST /api/auth/login → 200  (194.0ms)  request_id=85eaa29d-a83f-4aba-b750-afbf287e085f
2026-08-22 09:44:02 | INFO     | httpx | HTTP Request: POST http://test/api/auth/login "HTTP/1.1 200 OK"
2026-08-22 09:44:02 | INFO     | app.services.leave_service | Leave request created  employee_id=80  leave_id=18  type=LeaveType.PAID  dates=2027-12-01→2027-12-05
2026-08-22 09:44:02 | INFO     | app.middleware.request_id | POST /api/leave → 201  (56.7ms)  request_id=498afefd-7a1b-464a-b0cd-b31d7ec45671
2026-08-22 09:44:02 | INFO     | httpx | HTTP Request: POST http://test/api/leave "HTTP/1.1 201 Created"
2026-08-22 09:44:02 | INFO     | app.services.leave_service | Leave request decided  leave_id=18  status=LeaveStatus.APPROVED  admin_id=161
2026-08-22 09:44:02 | INFO     | app.middleware.request_id | PATCH /api/leave/18/decide → 200  (64.8ms)  request_id=8c0973fb-a74a-49ab-b73c-2230b07f230b
2026-08-22 09:44:02 | INFO     | httpx | HTTP Request: PATCH http://test/api/leave/18/decide "HTTP/1.1 200 OK"
2026-08-22 09:44:03 | INFO     | app.services.auth_service | User authenticated  user_id=163  login_id=ADMIN-TEST-02a66aa7  role=UserRole.ADMIN
2026-08-22 09:44:03 | INFO     | app.middleware.request_id | POST /api/auth/login → 200  (197.4ms)  request_id=b1257d69-da3d-4336-a22e-0fb3cd5d55a0
2026-08-22 09:44:03 | INFO     | httpx | HTTP Request: POST http://test/api/auth/login "HTTP/1.1 200 OK"
2026-08-22 09:44:03 | INFO     | app.services.employee_service | Employee created  employee_id=EMP-0081  user_id=164  email=emp-66a1ca6e@hrms-test.com
2026-08-22 09:44:03 | INFO     | app.middleware.request_id | POST /api/employees → 201  (258.7ms)  request_id=b7cab2d7-cf95-4cbc-be5f-d11becfc82ab
2026-08-22 09:44:03 | INFO     | httpx | HTTP Request: POST http://test/api/employees "HTTP/1.1 201 Created"
2026-08-22 09:44:03 | INFO     | app.services.auth_service | User authenticated  user_id=164  login_id=EMP-0081  role=UserRole.EMPLOYEE
2026-08-22 09:44:03 | INFO     | app.middleware.request_id | POST /api/auth/login → 200  (201.5ms)  request_id=c2acda8a-1162-4c6f-a97d-aaa2af835435
2026-08-22 09:44:03 | INFO     | httpx | HTTP Request: POST http://test/api/auth/login "HTTP/1.1 200 OK"
2026-08-22 09:44:03 | INFO     | app.services.leave_service | Leave request created  employee_id=81  leave_id=19  type=LeaveType.PAID  dates=2028-01-10→2028-01-12
2026-08-22 09:44:03 | INFO     | app.middleware.request_id | POST /api/leave → 201  (51.6ms)  request_id=234e713d-2ed0-4a2d-a4cf-4a7ce2f309d8
2026-08-22 09:44:03 | INFO     | httpx | HTTP Request: POST http://test/api/leave "HTTP/1.1 201 Created"
2026-08-22 09:44:03 | INFO     | app.services.leave_service | Leave request decided  leave_id=19  status=LeaveStatus.REJECTED  admin_id=163
2026-08-22 09:44:03 | INFO     | app.middleware.request_id | PATCH /api/leave/19/decide → 200  (55.4ms)  request_id=8f53558e-a2ae-499d-a1a6-08e849771f83
2026-08-22 09:44:03 | INFO     | httpx | HTTP Request: PATCH http://test/api/leave/19/decide "HTTP/1.1 200 OK"
2026-08-22 09:44:04 | INFO     | app.services.auth_service | User authenticated  user_id=165  login_id=ADMIN-TEST-9c587e2c  role=UserRole.ADMIN
2026-08-22 09:44:04 | INFO     | app.middleware.request_id | POST /api/auth/login → 200  (197.3ms)  request_id=25c2c44f-d23d-424a-8ccf-6032bfd76b6d
2026-08-22 09:44:04 | INFO     | httpx | HTTP Request: POST http://test/api/auth/login "HTTP/1.1 200 OK"
2026-08-22 09:44:04 | INFO     | app.services.employee_service | Employee created  employee_id=EMP-0082  user_id=166  email=emp-db4025ae@hrms-test.com
2026-08-22 09:44:04 | INFO     | app.middleware.request_id | POST /api/employees → 201  (237.8ms)  request_id=11b777a7-6964-4b5b-8023-dd0f03c20c13
2026-08-22 09:44:04 | INFO     | httpx | HTTP Request: POST http://test/api/employees "HTTP/1.1 201 Created"
2026-08-22 09:44:04 | INFO     | app.services.auth_service | User authenticated  user_id=166  login_id=EMP-0082  role=UserRole.EMPLOYEE
2026-08-22 09:44:04 | INFO     | app.middleware.request_id | POST /api/auth/login → 200  (206.7ms)  request_id=cc93cae5-6a39-40a5-817c-0270fa1f9851
2026-08-22 09:44:04 | INFO     | httpx | HTTP Request: POST http://test/api/auth/login "HTTP/1.1 200 OK"
2026-08-22 09:44:04 | INFO     | app.services.leave_service | Leave request created  employee_id=82  leave_id=20  type=LeaveType.PAID  dates=2028-03-01→2028-03-03
2026-08-22 09:44:04 | INFO     | app.middleware.request_id | POST /api/leave → 201  (79.0ms)  request_id=0a46f960-b960-49b1-b1b5-b198daee8c67
2026-08-22 09:44:04 | INFO     | httpx | HTTP Request: POST http://test/api/leave "HTTP/1.1 201 Created"
2026-08-22 09:44:04 | INFO     | app.services.leave_service | Leave request decided  leave_id=20  status=LeaveStatus.APPROVED  admin_id=165
2026-08-22 09:44:04 | INFO     | app.middleware.request_id | PATCH /api/leave/20/decide → 200  (72.7ms)  request_id=822ca7fe-bdfc-4250-abf7-6b3eda527ac4
2026-08-22 09:44:04 | INFO     | httpx | HTTP Request: PATCH http://test/api/leave/20/decide "HTTP/1.1 200 OK"
2026-08-22 09:44:04 | INFO     | app.middleware.request_id | PATCH /api/leave/20/decide → 409  (38.8ms)  request_id=8bc1a01b-46c7-4cf5-8b33-3fdeb53b83db
2026-08-22 09:44:04 | INFO     | httpx | HTTP Request: PATCH http://test/api/leave/20/decide "HTTP/1.1 409 Conflict"
2026-08-22 09:44:05 | INFO     | app.services.auth_service | User authenticated  user_id=167  login_id=ADMIN-TEST-3202ea36  role=UserRole.ADMIN
2026-08-22 09:44:05 | INFO     | app.middleware.request_id | POST /api/auth/login → 200  (201.8ms)  request_id=fcb2cf9b-b7e1-4596-a372-220b20d04d78
2026-08-22 09:44:05 | INFO     | httpx | HTTP Request: POST http://test/api/auth/login "HTTP/1.1 200 OK"
2026-08-22 09:44:05 | INFO     | app.services.employee_service | Employee created  employee_id=EMP-0083  user_id=168  email=emp-2f8ca122@hrms-test.com
2026-08-22 09:44:05 | INFO     | app.middleware.request_id | POST /api/employees → 201  (220.1ms)  request_id=475d0e0b-058b-431b-a79f-9577e75d4f52
2026-08-22 09:44:05 | INFO     | httpx | HTTP Request: POST http://test/api/employees "HTTP/1.1 201 Created"
2026-08-22 09:44:05 | INFO     | app.services.auth_service | User authenticated  user_id=168  login_id=EMP-0083  role=UserRole.EMPLOYEE
2026-08-22 09:44:05 | INFO     | app.middleware.request_id | POST /api/auth/login → 200  (195.6ms)  request_id=f1c29df1-d0b7-4ee7-9f7c-e4b5402544aa
2026-08-22 09:44:05 | INFO     | httpx | HTTP Request: POST http://test/api/auth/login "HTTP/1.1 200 OK"
2026-08-22 09:44:05 | INFO     | app.services.leave_service | Leave request created  employee_id=83  leave_id=21  type=LeaveType.PAID  dates=2028-05-01→2028-05-02
2026-08-22 09:44:05 | INFO     | app.middleware.request_id | POST /api/leave → 201  (59.7ms)  request_id=871f6934-88c8-41d5-afa8-d20dc5bee24c
2026-08-22 09:44:05 | INFO     | httpx | HTTP Request: POST http://test/api/leave "HTTP/1.1 201 Created"
2026-08-22 09:44:05 | INFO     | app.middleware.request_id | PATCH /api/leave/21/decide → 403  (23.2ms)  request_id=1b68ac84-43c6-4511-bb49-06415f1d4580
2026-08-22 09:44:05 | INFO     | httpx | HTTP Request: PATCH http://test/api/leave/21/decide "HTTP/1.1 403 Forbidden"
2026-08-22 09:44:06 | INFO     | app.services.auth_service | User authenticated  user_id=169  login_id=ADMIN-TEST-038c6c45  role=UserRole.ADMIN
2026-08-22 09:44:06 | INFO     | app.middleware.request_id | POST /api/auth/login → 200  (197.6ms)  request_id=6c679580-3217-44dc-b66c-06916c1fb20a
2026-08-22 09:44:06 | INFO     | httpx | HTTP Request: POST http://test/api/auth/login "HTTP/1.1 200 OK"
2026-08-22 09:44:06 | INFO     | app.services.employee_service | Employee created  employee_id=EMP-0084  user_id=170  email=emp-4823da35@hrms-test.com
2026-08-22 09:44:06 | INFO     | app.middleware.request_id | POST /api/employees → 201  (230.7ms)  request_id=1f2389c0-d5b4-4244-81d5-911d9e41ff78
2026-08-22 09:44:06 | INFO     | httpx | HTTP Request: POST http://test/api/employees "HTTP/1.1 201 Created"
2026-08-22 09:44:06 | INFO     | app.services.auth_service | User authenticated  user_id=170  login_id=EMP-0084  role=UserRole.EMPLOYEE
2026-08-22 09:44:06 | INFO     | app.middleware.request_id | POST /api/auth/login → 200  (192.0ms)  request_id=f801eb6b-d445-465f-8b93-9dfd426c2656
2026-08-22 09:44:06 | INFO     | httpx | HTTP Request: POST http://test/api/auth/login "HTTP/1.1 200 OK"
2026-08-22 09:44:06 | INFO     | app.services.employee_service | Employee created  employee_id=EMP-0085  user_id=171  email=b-b26ae4@t.com
2026-08-22 09:44:06 | INFO     | app.middleware.request_id | POST /api/employees → 201  (250.7ms)  request_id=0a1f427b-2fc0-4a84-a5af-ed9232cdcfe0
2026-08-22 09:44:06 | INFO     | httpx | HTTP Request: POST http://test/api/employees "HTTP/1.1 201 Created"
2026-08-22 09:44:07 | INFO     | app.services.auth_service | User authenticated  user_id=171  login_id=EMP-0085  role=UserRole.EMPLOYEE
2026-08-22 09:44:07 | INFO     | app.middleware.request_id | POST /api/auth/login → 200  (198.9ms)  request_id=0d40c932-bd22-4934-861c-831ec57b57cb
2026-08-22 09:44:07 | INFO     | httpx | HTTP Request: POST http://test/api/auth/login "HTTP/1.1 200 OK"
2026-08-22 09:44:07 | INFO     | app.services.leave_service | Leave request created  employee_id=85  leave_id=22  type=LeaveType.PAID  dates=2028-07-01→2028-07-03
2026-08-22 09:44:07 | INFO     | app.middleware.request_id | POST /api/leave → 201  (58.5ms)  request_id=4e331ac0-7f64-4ee2-9fc2-e0601a2e5f87
2026-08-22 09:44:07 | INFO     | httpx | HTTP Request: POST http://test/api/leave "HTTP/1.1 201 Created"
2026-08-22 09:44:07 | INFO     | app.middleware.request_id | GET /api/leave/22 → 403  (51.8ms)  request_id=de406eb9-8009-43ff-82f3-c75ed0a51ffd
2026-08-22 09:44:07 | INFO     | httpx | HTTP Request: GET http://test/api/leave/22 "HTTP/1.1 403 Forbidden"
2026-08-22 09:44:07 | INFO     | app.services.auth_service | User authenticated  user_id=172  login_id=ADMIN-TEST-3427d455  role=UserRole.ADMIN
2026-08-22 09:44:07 | INFO     | app.middleware.request_id | POST /api/auth/login → 200  (195.1ms)  request_id=d3a0bc68-a609-40aa-8e91-9c9b36ee1922
2026-08-22 09:44:07 | INFO     | httpx | HTTP Request: POST http://test/api/auth/login "HTTP/1.1 200 OK"
2026-08-22 09:44:07 | INFO     | app.services.employee_service | Employee created  employee_id=EMP-0086  user_id=173  email=emp-f1a3b305@hrms-test.com
2026-08-22 09:44:07 | INFO     | app.middleware.request_id | POST /api/employees → 201  (221.1ms)  request_id=93f28619-cbcd-42c9-b1b2-d9e768c193f5
2026-08-22 09:44:07 | INFO     | httpx | HTTP Request: POST http://test/api/employees "HTTP/1.1 201 Created"
2026-08-22 09:44:08 | INFO     | app.services.auth_service | User authenticated  user_id=173  login_id=EMP-0086  role=UserRole.EMPLOYEE
2026-08-22 09:44:08 | INFO     | app.middleware.request_id | POST /api/auth/login → 200  (196.8ms)  request_id=e38f206e-6713-4327-94d2-60dc2c957154
2026-08-22 09:44:08 | INFO     | httpx | HTTP Request: POST http://test/api/auth/login "HTTP/1.1 200 OK"
2026-08-22 09:44:08 | INFO     | app.services.leave_service | Leave request created  employee_id=86  leave_id=23  type=LeaveType.PAID  dates=2029-02-01→2029-02-10
2026-08-22 09:44:08 | INFO     | app.middleware.request_id | POST /api/leave → 201  (72.0ms)  request_id=fd356064-ccd4-4f08-bfe9-45fa83fa457e
2026-08-22 09:44:08 | INFO     | httpx | HTTP Request: POST http://test/api/leave "HTTP/1.1 201 Created"
2026-08-22 09:44:08 | INFO     | app.middleware.request_id | POST /api/leave → 409  (32.0ms)  request_id=ee2bdb11-c0f6-4f28-8f86-dea094cb96ae
2026-08-22 09:44:08 | INFO     | httpx | HTTP Request: POST http://test/api/leave "HTTP/1.1 409 Conflict"
2026-08-22 09:44:08 | INFO     | app.services.auth_service | User authenticated  user_id=174  login_id=ADMIN-TEST-aa19912c  role=UserRole.ADMIN
2026-08-22 09:44:08 | INFO     | app.middleware.request_id | POST /api/auth/login → 200  (197.0ms)  request_id=15bef4b2-9136-425b-93c2-3e1464c0e970
2026-08-22 09:44:08 | INFO     | httpx | HTTP Request: POST http://test/api/auth/login "HTTP/1.1 200 OK"
2026-08-22 09:44:08 | INFO     | app.services.employee_service | Employee created  employee_id=EMP-0087  user_id=175  email=emp-7e139a4f@hrms-test.com
2026-08-22 09:44:08 | INFO     | app.middleware.request_id | POST /api/employees → 201  (217.1ms)  request_id=7ec7d1e8-de6a-4763-a1f4-46cc242b16a0
2026-08-22 09:44:08 | INFO     | httpx | HTTP Request: POST http://test/api/employees "HTTP/1.1 201 Created"
2026-08-22 09:44:08 | INFO     | app.services.payroll_service | Salary structure created  employee_id=87
2026-08-22 09:44:08 | INFO     | app.middleware.request_id | POST /api/payroll/87 → 201  (65.5ms)  request_id=5b6799ca-e307-4401-bbb9-379237904696
2026-08-22 09:44:08 | INFO     | httpx | HTTP Request: POST http://test/api/payroll/87 "HTTP/1.1 201 Created"
2026-08-22 09:44:09 | INFO     | app.services.auth_service | User authenticated  user_id=176  login_id=ADMIN-TEST-c462148a  role=UserRole.ADMIN
2026-08-22 09:44:09 | INFO     | app.middleware.request_id | POST /api/auth/login → 200  (193.8ms)  request_id=dfe25385-3526-4c3e-adfd-821ebfb22894
2026-08-22 09:44:09 | INFO     | httpx | HTTP Request: POST http://test/api/auth/login "HTTP/1.1 200 OK"
2026-08-22 09:44:09 | INFO     | app.services.employee_service | Employee created  employee_id=EMP-0088  user_id=177  email=emp-da4647c9@hrms-test.com
2026-08-22 09:44:09 | INFO     | app.middleware.request_id | POST /api/employees → 201  (241.8ms)  request_id=4f8950dd-9e00-4feb-a44f-70bf1542b93f
2026-08-22 09:44:09 | INFO     | httpx | HTTP Request: POST http://test/api/employees "HTTP/1.1 201 Created"
2026-08-22 09:44:09 | INFO     | app.services.payroll_service | Salary structure created  employee_id=88
2026-08-22 09:44:09 | INFO     | app.middleware.request_id | POST /api/payroll/88 → 201  (68.2ms)  request_id=7c006a3c-9d6b-4f18-ab92-2fb40dce2265
2026-08-22 09:44:09 | INFO     | httpx | HTTP Request: POST http://test/api/payroll/88 "HTTP/1.1 201 Created"
2026-08-22 09:44:09 | INFO     | app.middleware.request_id | GET /api/payroll/88 → 200  (30.6ms)  request_id=13a7dce7-21a2-40e5-b1bc-52699c26d348
2026-08-22 09:44:09 | INFO     | httpx | HTTP Request: GET http://test/api/payroll/88 "HTTP/1.1 200 OK"
2026-08-22 09:44:10 | INFO     | app.services.auth_service | User authenticated  user_id=178  login_id=ADMIN-TEST-57b5afc3  role=UserRole.ADMIN
2026-08-22 09:44:10 | INFO     | app.middleware.request_id | POST /api/auth/login → 200  (205.4ms)  request_id=95d0fd09-b9f2-4529-8a0c-7b9ab5c45a1d
2026-08-22 09:44:10 | INFO     | httpx | HTTP Request: POST http://test/api/auth/login "HTTP/1.1 200 OK"
2026-08-22 09:44:10 | INFO     | app.services.employee_service | Employee created  employee_id=EMP-0089  user_id=179  email=emp-1b6a217b@hrms-test.com
2026-08-22 09:44:10 | INFO     | app.middleware.request_id | POST /api/employees → 201  (222.9ms)  request_id=11a68733-fc51-4220-8277-4a6a97e0ebc1
2026-08-22 09:44:10 | INFO     | httpx | HTTP Request: POST http://test/api/employees "HTTP/1.1 201 Created"
2026-08-22 09:44:10 | INFO     | app.services.auth_service | User authenticated  user_id=179  login_id=EMP-0089  role=UserRole.EMPLOYEE
2026-08-22 09:44:10 | INFO     | app.middleware.request_id | POST /api/auth/login → 200  (196.3ms)  request_id=8c33a573-2d6e-43dc-9ce9-98be850ddfba
2026-08-22 09:44:10 | INFO     | httpx | HTTP Request: POST http://test/api/auth/login "HTTP/1.1 200 OK"
2026-08-22 09:44:10 | INFO     | app.services.payroll_service | Salary structure created  employee_id=89
2026-08-22 09:44:10 | INFO     | app.middleware.request_id | POST /api/payroll/89 → 201  (49.8ms)  request_id=5a2ec417-643c-4f02-a470-03e54df00490
2026-08-22 09:44:10 | INFO     | httpx | HTTP Request: POST http://test/api/payroll/89 "HTTP/1.1 201 Created"
2026-08-22 09:44:10 | INFO     | app.middleware.request_id | GET /api/payroll/me → 200  (28.1ms)  request_id=5757a50d-09b9-484a-869f-c6aff792e9a9
2026-08-22 09:44:10 | INFO     | httpx | HTTP Request: GET http://test/api/payroll/me "HTTP/1.1 200 OK"
2026-08-22 09:44:10 | INFO     | app.middleware.request_id | POST /api/payroll/89 → 403  (49.9ms)  request_id=9d8a578e-87e7-47da-9a66-5b817b672d1a
2026-08-22 09:44:10 | INFO     | httpx | HTTP Request: POST http://test/api/payroll/89 "HTTP/1.1 403 Forbidden"
2026-08-22 09:44:10 | INFO     | app.middleware.request_id | PATCH /api/payroll/89 → 403  (23.1ms)  request_id=b8ce3dd7-40f3-41b2-a832-bd70de4463a5
2026-08-22 09:44:10 | INFO     | httpx | HTTP Request: PATCH http://test/api/payroll/89 "HTTP/1.1 403 Forbidden"
2026-08-22 09:44:11 | INFO     | app.services.auth_service | User authenticated  user_id=180  login_id=ADMIN-TEST-011a59ab  role=UserRole.ADMIN
2026-08-22 09:44:11 | INFO     | app.middleware.request_id | POST /api/auth/login → 200  (202.5ms)  request_id=2d5cbf82-d615-48ce-90aa-3ced8d90272a
2026-08-22 09:44:11 | INFO     | httpx | HTTP Request: POST http://test/api/auth/login "HTTP/1.1 200 OK"
2026-08-22 09:44:11 | INFO     | app.services.employee_service | Employee created  employee_id=EMP-0090  user_id=181  email=emp-8526057f@hrms-test.com
2026-08-22 09:44:11 | INFO     | app.middleware.request_id | POST /api/employees → 201  (220.7ms)  request_id=fa051ca3-ea3b-400c-9b30-da4173a0031b
2026-08-22 09:44:11 | INFO     | httpx | HTTP Request: POST http://test/api/employees "HTTP/1.1 201 Created"
2026-08-22 09:44:11 | INFO     | app.services.payroll_service | Salary structure created  employee_id=90
2026-08-22 09:44:11 | INFO     | app.middleware.request_id | POST /api/payroll/90 → 201  (77.4ms)  request_id=0ffa49ab-3bba-4f0d-b94f-3618e806b148
2026-08-22 09:44:11 | INFO     | httpx | HTTP Request: POST http://test/api/payroll/90 "HTTP/1.1 201 Created"
2026-08-22 09:44:11 | INFO     | app.services.payroll_service | Salary structure updated  employee_id=90
2026-08-22 09:44:11 | INFO     | app.middleware.request_id | PATCH /api/payroll/90 → 200  (61.5ms)  request_id=7f50fa4e-a408-47b8-abd7-ccad5633bd8c
2026-08-22 09:44:11 | INFO     | httpx | HTTP Request: PATCH http://test/api/payroll/90 "HTTP/1.1 200 OK"
